idDBLP,idACM,Similarity
conf/vldb/BargaP95,673298,1.0
journals/sigmod/LeeCL95,212011,0.6666666666666666
journals/sigmod/KokkotosIPS95,212014,1.0
conf/vldb/SavasereON95,673300,1.0
journals/tods/Chomicki95,210200,1.0
conf/sigmod/WilschutFA95,223803,1.0
conf/sigmod/KeimK95,223895,1.0
conf/vldb/SrikantA95,673304,1.0
journals/vldb/GutingS95,615221,1.0
journals/tods/IoannidisR95,211419,1.0
conf/sigmod/GuptaMR95,223817,1.0
conf/vldb/SubietaKL95,673138,1.0
journals/vldb/SwamiS95,615239,1.0
conf/sigmod/CeriFPP95,223886,1.0
conf/sigmod/BhargavaGI95,223847,1.0
journals/sigmod/Jannink95,202666,1.0
journals/sigmod/DunhamH95a,219727,1.0
journals/sigmod/SegevJS95,219754,1.0
journals/sigmod/MaelbranckeO95,211999,1.0
conf/vldb/GravanoG95,673294,1.0
journals/sigmod/DogacAOD95,202662,1.0
journals/sigmod/WolfsonSDNR95,219737,1.0
conf/sigmod/BuchmannDZH95,223889,1.0
conf/vldb/HaasNSS95,673295,1.0
journals/sigmod/PitouraB95,212015,0.9285714285714286
conf/sigmod/Team95b,223899,1.0
conf/vldb/KonopnickiS95,673148,1.0
journals/vldb/ConstantopoulosJMV95,615213,1.0
conf/sigmod/BersonGM95,223852,1.0
conf/vldb/GuptaHQ95,673150,1.0
conf/vldb/GallersdorferN95,673130,1.0
conf/vldb/EicklerGK95,673165,1.0
conf/sigmod/Hope95,223861,1.0
journals/vldb/CliftonGB95,615214,1.0
conf/vldb/EvangelidisLS95,673316,1.0
conf/sigmod/JonkerS95,223903,1.0
conf/sigmod/LuMSS95,223850,1.0
conf/vldb/ChenRS95,673007,1.0
journals/sigmod/Ulusoy95,219751,1.0
conf/vldb/ReuterCGSW95,673318,1.0
journals/sigmod/YanG95,212018,1.0
conf/sigmod/Gerber95,223877,1.0
journals/sigmod/Wong95,212013,1.0
journals/sigmod/AlonsoCIM95,219742,1.0
conf/vldb/GoyalHSS95,673147,1.0
journals/sigmod/Lee95,212008,1.0
conf/vldb/RamakrishnanGRSWZ95,756661,1.0
conf/sigmod/AshleyFHLNP95,223888,1.0
journals/vldb/AtkinsonM95,615226,1.0
conf/vldb/YanL95,673154,1.0
conf/vldb/BunemanDHOW95,673160,1.0
conf/vldb/KornackerB95,673305,1.0
conf/sigmod/ChaudhuriDY95,223856,1.0
conf/vldb/LuSL95,758364,1.0
journals/sigmod/RosenthalSMBTL95,212020,1.0
conf/sigmod/MoleskyR95,223786,1.0
conf/vldb/BrownS95,673132,1.0
conf/sigmod/HammerGIPUW95,223896,1.0
conf/sigmod/Norrie95,223883,1.0
conf/vldb/CabreraRH95,673308,1.0
conf/vldb/Bayer95,673133,1.0
conf/sigmod/DreyerDS95,223902,1.0
journals/sigmod/ElmagarmidJF95,219735,1.0
journals/tods/Chen95a,211416,1.0
conf/sigmod/AdyaGLM95,223787,1.0
conf/vldb/MehtaD95,673299,1.0
conf/vldb/Korth95,758365,1.0
journals/vldb/NybergBCGL95,615237,1.0
conf/vldb/LuTD95,673139,1.0
journals/tods/Chen95,202110,1.0
journals/sigmod/Stacey95,219774,1.0
conf/vldb/OrensteinK95,673151,1.0
conf/sigmod/BettiniWBJ95,223843,1.0
conf/sigmod/HernandezS95,223807,1.0
journals/vldb/DanYC95,615216,1.0
conf/sigmod/Olson95,223873,1.0
conf/vldb/TreschPL95,673309,1.0
conf/vldb/Lindsay95,673161,0.9
conf/vldb/KalusD95,673315,1.0
conf/vldb/Fecteau95,673140,1.0
conf/vldb/SteinbrunnPMK95,673167,1.0
journals/sigmod/DarwenD95,202667,1.0
conf/sigmod/MassariPSC95,223890,1.0
conf/vldb/MillinerBP95,673144,1.0
conf/vldb/HvasshovdTBH95,673136,1.0
conf/sigmod/BrinDG95,223855,1.0
journals/sigmod/MedskerCS95,202673,1.0
conf/sigmod/Freeston95,223796,1.0
conf/sigmod/Squire95,223869,1.0
conf/vldb/Brin95,673006,1.0
conf/vldb/LometT95,673170,1.0
conf/sigmod/Gray95,223864,1.0
conf/sigmod/Gibson95,223884,0.75
conf/sigmod/ShklarSKT95,223891,1.0
conf/sigmod/IoannidisP95,223841,1.0
journals/vldb/LandauST95,615233,1.0
journals/vldb/TempletonHMB95,615222,1.0
conf/sigmod/ArefBV95,223811,1.0
conf/sigmod/AcharyaAFZ95,223816,0.8
conf/sigmod/WoelkBJOTU95,223867,1.0
conf/sigmod/Ivinskis95,223862,1.0
conf/sigmod/DanS95,223853,0.8666666666666667
conf/vldb/DidriksenGD95,673313,1.0
journals/vldb/AlbanoGO95,615227,1.0
conf/sigmod/FreedmanD95,223851,1.0
journals/sigmod/RisheSBDOALOSS95,212019,1.0
conf/sigmod/ParkCY95,223813,0.7
journals/vldb/OzsuPSILM95,615228,1.0
conf/vldb/HellersteinNP95,673145,1.0
journals/sigmod/Richey95,212024,1.0
conf/sigmod/FegarasM95,223789,1.0
journals/sigmod/NgH95,202665,1.0
conf/sigmod/ColletC95,223887,1.0
conf/vldb/AmsalegFG95,673302,1.0
conf/vldb/Sarawagi95,673159,1.0
conf/vldb/Sarawagi95,673632,0.625
conf/sigmod/WangZS95,223900,1.0
conf/sigmod/RamaswamyK95,223809,1.0
journals/tods/GraefeC95,210202,1.0
journals/sigmod/BerraNT95,202670,1.0
journals/sigmod/AbiteboulH95,202664,0.8
journals/sigmod/AbiteboulH95,211994,1.0
journals/sigmod/DoanPK95,212003,1.0
journals/tods/SrivastavaSRN95,219056,1.0
conf/sigmod/Sheth95,223882,0.7272727272727273
journals/tods/Jagadish95,202113,1.0
conf/vldb/WuYCT95,673158,1.0
conf/vldb/AgrawalLSS95,673155,1.0
conf/vldb/MoserKK95,673149,1.0
conf/sigmod/Ellison95,277955,1.0
conf/sigmod/Ellison95,277954,1.0
journals/tods/AikenHW95,202107,1.0
conf/vldb/RusinkiewiczKTWM95,673142,1.0
journals/sigmod/Qian95a,212022,1.0
conf/sigmod/ZhugeGHW95,223848,1.0
conf/vldb/ChaudhuriGS95,673312,1.0
conf/vldb/WienerN95,673168,1.0
conf/sigmod/AbiteboulCM95,223854,0.7142857142857143
conf/vldb/MogiK95,673307,1.0
journals/sigmod/Jarke95,202671,1.0
conf/sigmod/GatziuGD95,223893,1.0
journals/sigmod/DrewHKKLLLSW95,219769,1.0
conf/vldb/GardarinGT95,673169,1.0
journals/vldb/AbiteboulB95,615234,1.0
conf/sigmod/HouZ95,223840,1.0
conf/sigmod/French95,223871,0.7142857142857143
conf/sigmod/Shyy95,223866,1.0
conf/sigmod/ShatdalN95,223801,1.0
conf/vldb/CatozziR95,673297,1.0
journals/sigmod/Hanna95,202664,1.0
journals/sigmod/Hanna95,211994,0.8
conf/vldb/Wang95,673152,1.0
conf/vldb/Spintzik95,673162,1.0
conf/vldb/SeligmanBNSW95,673303,1.0
conf/sigmod/RoussopoulosKV95,223794,1.0
conf/sigmod/BerensonBGMOO95,223785,1.0
conf/vldb/Hallmark95,673156,1.0
journals/sigmod/SellisV95,219766,1.0
journals/vldb/KemperK95,615230,1.0
conf/sigmod/FaloutsosL95,223812,1.0
journals/vldb/WhiteD95,615238,1.0
conf/vldb/BelussiF95,673166,1.0
journals/sigmod/KarlapalemLS95,202663,0.8181818181818182
journals/tods/FraternaliT95,219042,1.0
conf/vldb/HanF95,673134,1.0
journals/vldb/BarbaraI95,615236,0.6923076923076923
conf/sigmod/BrodskyK95,223788,1.0
journals/sigmod/Zhang95,202661,1.0
conf/sigmod/BaruFGHJPW95,223876,1.0
conf/sigmod/AdelbergGK95,223842,1.0
journals/sigmod/GamacheS95,212016,1.0
conf/sigmod/WhiteD95,223814,1.0
journals/sigmod/Finkelstein95,219777,1.0
journals/sigmod/JaegerF95,202669,0.6
conf/vldb/SumiyaYTSI95,673141,1.0
journals/sigmod/Chaudhri95,202668,1.0
journals/sigmod/BhargavaAP95,219746,1.0
conf/sigmod/Moore95,223859,1.0
conf/sigmod/LiC95,223897,1.0
journals/sigmod/NobleS95,219730,1.0
conf/sigmod/Team95,223857,1.0
conf/vldb/FlodinR95,673311,1.0
conf/sigmod/GardarinMP95,223791,1.0
conf/sigmod/GriffinL95,223849,1.0
conf/sigmod/Golding95,223865,0.7
journals/sigmod/SchlageterBHMSW95,202672,0.7
conf/vldb/LeslieJBY95,673317,1.0
conf/vldb/AmmannJR95,673164,1.0
journals/sigmod/DogacDKOONEHAKKM95,212017,1.0
journals/sigmod/DogacDKOONEHAKKM95,280358,1.0
journals/sigmod/Fong95,212007,1.0
journals/tods/ShashaLSV95,211427,1.0
conf/sigmod/Deutsch95,223880,0.7272727272727273
conf/sigmod/ThomasDM95,223892,0.625
conf/vldb/BestavrosB95,673131,1.0
conf/sigmod/SistlaW95,223844,1.0
journals/vldb/BenzakenD95,615229,0.8
conf/sigmod/Atkinson95,223874,0.8333333333333334
conf/sigmod/Bampahl95,223870,0.6
conf/sigmod/Gettys95,223860,0.8333333333333334
conf/sigmod/RadekeBBEKKN95,223894,1.0
journals/tods/BaekgaardM95,210198,1.0
journals/tods/ChenHM95,219039,1.0
conf/vldb/Meier95,673301,1.0
journals/vldb/PeckhamMD95,615219,1.0
journals/sigmod/Bohlen95,219758,1.0
conf/vldb/YanG95,673153,1.0
conf/vldb/RahmM95,673163,1.0
conf/vldb/RahmM95,673330,0.7777777777777778
conf/sigmod/Epstein95,277955,1.0
conf/sigmod/Epstein95,277954,1.0
conf/vldb/HaberIL95,673296,1.0
conf/vldb/HoelS95,673135,1.0
conf/vldb/Madnick95,673306,1.0
conf/sigmod/Edelstein95,223868,0.6875
conf/sigmod/PapadiasTSE95,223798,1.0
conf/sigmod/GrossmanHQ95,223901,1.0
journals/sigmod/EnglertGH95,219760,1.0
conf/sigmod/DuSD95,223846,1.0
conf/vldb/BassiliadesV95,673137,1.0
conf/sigmod/Kleissner95,223875,0.8
conf/vldb/SimonD95,673319,1.0
conf/vldb/Vaskevitch95,673310,1.0
conf/sigmod/Team95a,223898,1.0
journals/vldb/TenienteO95,615220,1.0
conf/sigmod/DavisonG95,223845,1.0
conf/vldb/FerrandinaMZFM95,673314,1.0
conf/sigmod/BunemanM95,223863,1.0
conf/vldb/AgrawalPWZ95,673157,1.0
journals/vldb/AgrawalAJL95,615215,1.0
conf/vldb/HasanM95,673143,1.0
conf/vldb/SistlaYLL95,673146,1.0
journals/sigmod/KimballS95,212023,1.0
journals/sigmod/Qian95b,219772,1.0
conf/sigmod/MattosM95,223881,0.7272727272727273
journals/sigmod/ONeilG95,212001,1.0
conf/sigmod/Perna95,223872,1.0
conf/vldb/Raghavan96,673463,1.0
conf/sigmod/McAuliffeCS96,233355,1.0
journals/tods/BellNNS96,232691,1.0
journals/vldb/StonebrakerALPSSSY96,765754,1.0
journals/tods/GhandeharizadehHJ96,232801,1.0
conf/sigmod/HellersteinN96,233359,1.0
conf/vldb/BerckenS96,673480,1.0
conf/sigmod/LibkinMW96,233335,1.0
journals/tods/MokNE96,227612,1.0
conf/sigmod/VanceM96,233317,1.0
journals/sigmod/HasanFV96,234894,1.0
conf/sigmod/ZhangRL96,233324,1.0
conf/sigmod/ZouS96,233325,0.6666666666666666
journals/vldb/BeckerGOSW96,765854,1.0
conf/sigmod/FranklinJK96,233328,1.0
conf/vldb/ScheuermannSV96,758367,1.0
conf/vldb/MiningGroup96,673478,1.0
journals/vldb/DeWittNSV96,765751,0.75
conf/sigmod/CherniackZ96,233356,1.0
journals/sigmod/AndlerHEMBE96,381881,1.0
journals/vldb/ShyyASL96,765804,1.0
conf/vldb/Malaika96,673630,1.0
conf/sigmod/GoelI96,233318,1.0
conf/vldb/ViverosNR96,673464,1.0
conf/sigmod/AdaliCPS96,233327,1.0
conf/sigmod/LeflerSW96,280354,1.0
conf/sigmod/PiatkoYLS96,280352,1.0
conf/vldb/BerchtoldKK96,673502,1.0
conf/vldb/AgarwalADGNRS96,673497,1.0
journals/sigmod/Date96,245885,0.8666666666666667
conf/vldb/GuptaM96,673482,1.0
conf/vldb/Suciu96a,673488,1.0
conf/vldb/Sheth96,673492,1.0
conf/vldb/DarFJST96,673462,1.0
journals/sigmod/UlusoyB96,381876,1.0
journals/sigmod/KuoM96,381873,0.875
conf/vldb/Mattos96,673467,1.0
journals/vldb/HarderR96,765805,1.0
conf/vldb/CochranePM96,673498,1.0
conf/vldb/LabioG96,673477,1.0
conf/vldb/BohlenSS96,673474,1.0
conf/sigmod/OzdenRSS96,233322,1.0
conf/vldb/Padmanabhan96,673329,1.0
journals/sigmod/UrbanDG96,381892,1.0
conf/sigmod/OConnellISWABCCLPWW96,233321,0.6363636363636364
conf/sigmod/OConnellISWABCCLPWW96,280357,0.8
conf/vldb/BertinoBFS96,673475,1.0
conf/sigmod/NguyenS96,233371,1.0
conf/vldb/ShaferAM96,673491,1.0
journals/sigmod/CoxEH96,245901,1.0
journals/vldb/SivasankaranSTPR96,765752,1.0
conf/sigmod/LiskovACDGGMMS96,233346,1.0
journals/sigmod/DAndreaJ96,234902,1.0
conf/sigmod/HillyerS96,233332,1.0
journals/sigmod/Ahlberg96,245893,1.0
conf/sigmod/QuassWGHLMNRRAUW96,280355,1.0
conf/sigmod/SimmenSM96,233320,1.0
conf/vldb/Toivonen96,673325,1.0
conf/sigmod/HungYK96,280360,1.0
conf/vldb/GardarinGT96,673484,1.0
conf/vldb/PoosalaI96,673321,1.0
journals/tods/GuoSW96,232692,1.0
journals/sigmod/Colliat96,234901,1.0
journals/sigmod/SantucciT96,245898,1.0
conf/vldb/LakshmananSS96,673490,1.0
conf/sigmod/SrikantA96,233311,1.0
conf/vldb/SarawagiS96,673159,0.625
conf/vldb/SarawagiS96,673632,1.0
conf/vldb/Rengarajan96,673499,1.0
conf/vldb/Celis96,673471,1.0
journals/sigmod/SonDT96,381879,1.0
conf/sigmod/HarinarayanRU96,233333,1.0
conf/sigmod/AchyutuniON96,233326,1.0
conf/vldb/FukudaMMT96,673495,1.0
conf/vldb/Sacks-Davis96,673486,1.0
journals/sigmod/Sidell96,245906,1.0
journals/tods/BunemanO96,227609,1.0
journals/sigmod/AdelbergKG96,381882,1.0
conf/vldb/Moni96,673335,1.0
conf/sigmod/FukudaMMT96,233313,0.8571428571428571
conf/vldb/AcharyaFZ96,673323,1.0
journals/sigmod/Qian96b,245909,1.0
journals/vldb/KashyapS96,765855,1.0
journals/vldb/RamamrithamC96,765756,1.0
journals/sigmod/Dogac96,234900,1.0
journals/sigmod/Camps96,234890,1.0
journals/sigmod/Camps96,245886,0.6666666666666666
journals/sigmod/NormanZT96,234892,1.0
conf/vldb/SevcikK96,673466,1.0
journals/sigmod/HasanMV96,245900,1.0
journals/vldb/PoulovassilisS96,765691,1.0
journals/tods/Kuo96,236712,1.0
journals/sigmod/ShethGJRSWW96,245903,1.0
conf/vldb/FaloutsosMS96,673328,1.0
conf/vldb/Atal96,673322,1.0
journals/sigmod/GerlhofKM96,234893,1.0
conf/sigmod/MorpainCFP96,233362,1.0
journals/tods/MumickFPR96,227624,1.0
conf/sigmod/CookKWZ96,233354,1.0
journals/sigmod/BrunieK96,234895,1.0
conf/vldb/KornSFSP96,673493,1.0
journals/tods/RaschidL96,236714,0.8571428571428571
journals/sigmod/Anonymous96,381900,1.0
journals/sigmod/Keim96,245896,1.0
journals/sigmod/Bestavros96,381860,1.0
conf/sigmod/ChaudhuriG96,233323,1.0
journals/sigmod/SilberschatzSU96,381886,0.8181818181818182
journals/sigmod/BerndtssonH96,381889,1.0
conf/sigmod/ChawatheRGW96,233366,1.0
journals/sigmod/AtkinsonDJPS96,245905,1.0
journals/sigmod/HaritsaS96,381870,1.0
conf/sigmod/DohertyHR96,233344,1.0
journals/tods/Ross96,232628,1.0
conf/sigmod/LoR96,233337,1.0
conf/sigmod/GoyalHKMS96,233369,1.0
journals/sigmod/BestavrosLS96,234897,1.0
journals/sigmod/FreemanG96,381893,1.0
conf/vldb/Cuppens96,673637,1.0
conf/sigmod/KrishnanVI96,233341,1.0
conf/vldb/ChaudhuriS96,673461,1.0
conf/vldb/GardarinST96,673485,1.0
conf/vldb/Klots96,673483,1.0
conf/vldb/ShuklaDNR96,673494,1.0
journals/vldb/TsatalosSI96,765690,1.0
conf/sigmod/ChooOLCGBPS96,280357,1.0
journals/vldb/FangGM96,765693,0.7
journals/sigmod/Eisenberg96,245907,1.0
journals/sigmod/Ioannidis96,245890,1.0
journals/sigmod/Ioannidis96,245888,0.6666666666666666
conf/vldb/Bhashyam96,673470,1.0
conf/sigmod/Blakeley96,233329,1.0
conf/sigmod/RaoBG96,233334,1.0
journals/sigmod/Bhashyam96,673470,0.6
journals/vldb/KellerB96,765753,1.0
journals/vldb/AmielBDS96,765692,0.8333333333333334
journals/sigmod/KennedyMB96,245895,1.0
conf/sigmod/FernandezS96,280347,0.8461538461538461
conf/vldb/SeshadriLR96,673634,1.0
conf/vldb/PapakonstantinouAG96,673481,1.0
journals/vldb/HarrisR96,765755,1.0
conf/vldb/McKennaBHT96,673476,1.0
journals/sigmod/Baeza-YatesN96,381890,1.0
conf/vldb/Gawlick96,673334,1.0
conf/vldb/LeeL96,673331,1.0
conf/vldb/Baru96,758366,1.0
journals/tods/CiacciaTZ96,232755,1.0
conf/vldb/RysNS96,673501,1.0
conf/vldb/ShethKMWDLPLS96,673468,1.0
journals/sigmod/ACT-NET96,234896,0.8571428571428571
journals/sigmod/RamamrithamSSTX96,381868,0.75
conf/vldb/BouganimFV96,673163,0.7777777777777778
conf/vldb/BouganimFV96,673330,1.0
conf/vldb/Mohan96,673631,1.0
conf/vldb/Kleewein96,673472,1.0
conf/sigmod/PoosalaIHS96,233342,1.0
conf/vldb/IoannidisLGP96,673496,1.0
conf/sigmod/HullZ96,233365,1.0
conf/sigmod/FukudaMMT96a,280359,0.6666666666666666
conf/sigmod/Han96,280351,1.0
conf/vldb/Hess96,673327,1.0
journals/vldb/OoiHLT96,765806,1.0
conf/vldb/LevyRO96,673469,1.0
conf/vldb/VermeerA96,673635,1.0
conf/vldb/Ogawa96,673320,0.9090909090909091
journals/tods/LiuM96,232622,1.0
journals/tods/DeyS96,232796,1.0
journals/sigmod/RafanelliBT96,245887,1.0
conf/vldb/RamakrishnanR96,673333,1.0
conf/vldb/CareyHMW96,673633,1.0
conf/sigmod/RundensteinerKRCJM96,280361,1.0
conf/sigmod/GangulyGMS96,233340,1.0
conf/sigmod/BrownCL96,233351,1.0
journals/sigmod/PhatakSSS96,381897,1.0
conf/sigmod/ChristophidesCM96,233358,1.0
conf/sigmod/Bernstein96,280348,1.0
conf/sigmod/Tajima96,233349,1.0
conf/sigmod/RossSS96,233361,1.0
journals/sigmod/Qian96a,234903,0.625
conf/sigmod/BilirisFOP96,280362,1.0
conf/sigmod/Mohan96,280350,1.0
journals/sigmod/BilirisP96,234898,0.875
conf/sigmod/SeshadriHPLRSSS96,233360,1.0
journals/vldb/AntoshenkovZ96,765852,1.0
conf/sigmod/BunemanDHS96,233368,1.0
journals/sigmod/TaninBS96,245891,1.0
conf/vldb/Hammond96,673473,1.0
journals/vldb/MylopoulosCPST96,765853,1.0
conf/sigmod/BohmA96,280353,0.6
conf/sigmod/ColbyGLMT96,233364,1.0
journals/tods/BaralisCP96,227605,1.0
journals/sigmod/Wade96,381895,1.0
conf/vldb/Dyreson96,673326,1.0
conf/sigmod/GarofalakisI96,233352,1.0
conf/vldb/Gupta96,673324,1.0
conf/sigmod/RothAHCCFSTW96,280363,1.0
conf/vldb/Levy96,673332,1.0
journals/sigmod/Darwen96,234890,0.6666666666666666
journals/sigmod/Darwen96,245886,1.0
journals/vldb/DeyBS96,765803,1.0
journals/sigmod/LinP96,381878,1.0
conf/sigmod/Agarwal96,233336,1.0
conf/sigmod/HanFWCZK96,280356,1.0
conf/sigmod/SelfridgeSW96,233315,1.0
conf/sigmod/GrayHOS96,233330,1.0
journals/tods/LitwinN96,236713,0.7
conf/vldb/Sullivan96,673489,1.0
conf/vldb/FaloutsosG96,673487,1.0
conf/vldb/MeoPC96,673500,1.0
conf/sigmod/DogacHKOONDMAKE96,212017,1.0
conf/sigmod/DogacHKOONDMAKE96,280358,1.0
conf/vldb/Dasgupta96,756664,1.0
conf/vldb/SrivastavaDJL96,673627,1.0
conf/vldb/ChatziantoniouR96,673628,1.0
conf/vldb/DiwanRSS96,673636,1.0
conf/vldb/Suciu96,673629,1.0
conf/sigmod/Keim96,280349,1.0
journals/sigmod/ZobelMR96,234891,1.0
conf/vldb/CareyD96,673465,1.0
journals/sigmod/Qian96,381901,1.0
conf/vldb/StaudtJ96,673479,1.0
conf/sigmod/PatelD96,233338,1.0
conf/vldb/IoannidisLGP96,253415,1.0
conf/vldb/ChaudhuriS96,320249,1.0
conf/sigmod/IoannidisLANT97,673496,0.75
journals/vldb/EvangelidisS97,673316,0.625
journals/vldb/FahlR97,765562,1.0
journals/tods/WangBBJ97,249979,1.0
conf/sigmod/GebhardtJJ97,253344,1.0
journals/sigmod/McClatcheyV97,271087,0.6666666666666666
conf/vldb/MaratheS97,671002,1.0
conf/vldb/TheodoratosS97,673656,1.0
journals/sigmod/AtzeniMM97,271080,0.9166666666666666
conf/vldb/SkubiszewskiV97,673640,1.0
conf/vldb/MalonM97,673642,1.0
conf/sigmod/BressanGFJHKLMPQSS97,253389,1.0
conf/vldb/HumborstadSHT97,671000,1.0
conf/sigmod/ChawatheG97,253266,1.0
conf/sigmod/CareyMN97,253370,1.0
conf/sigmod/LabioZWGGW97,253405,1.0
conf/vldb/BernsteinHSSZ97,670999,1.0
journals/vldb/MuckP97,765565,0.75
conf/sigmod/KornackerMH97,253272,1.0
conf/sigmod/AtzeniT97,253393,0.7857142857142857
journals/sigmod/AbelTK97,248605,1.0
conf/sigmod/MotakisZ97,253359,1.0
conf/vldb/GravanoG97,670994,1.0
conf/vldb/GarofalakisI97,671004,1.0
conf/sigmod/LivnyRBCDLMW97,253335,0.7272727272727273
journals/tods/WolfsonJH97,249982,1.0
journals/sigmod/NestorovAM97,271084,0.6666666666666666
conf/sigmod/Chakravarthy97,253409,1.0
conf/vldb/BaralisPT97,671019,1.0
conf/sigmod/Arpaci-DusseauACHP97,253322,1.0
conf/sigmod/CareyK97,253302,1.0
conf/vldb/TriantafillouP97,673663,1.0
conf/vldb/AshwinRSSS97,673645,1.0
conf/vldb/AshwinRSSS97,765534,0.75
journals/sigmod/McHughAGQW97,262770,1.0
journals/sigmod/HadzilacosT97,262766,1.0
conf/sigmod/MumickQM97,253277,1.0
conf/sigmod/RoussopoulosKR97,253276,0.9166666666666666
conf/vldb/BridgeJKLLM97,671011,1.0
journals/vldb/Cobb97,765555,0.8888888888888888
journals/tods/PetersO97,244813,1.0
conf/sigmod/ColbyKLMR97,253353,1.0
conf/vldb/AlonsoHST97,671020,1.0
journals/sigmod/JajodiaBBKMSW97,271095,1.0
conf/vldb/LockemannKKKN97,673665,1.0
journals/vldb/CatarciSC97,765550,1.0
journals/vldb/PanagosB97,765557,1.0
conf/vldb/AtzeniMM97,671014,1.0
journals/sigmod/FrewD97,248609,1.0
conf/sigmod/KornJF97,253332,1.0
conf/vldb/WildfogelY97,670998,1.0
journals/tods/Galindo-LegariaR97,244812,1.0
conf/vldb/GoldmanW97,671008,1.0
conf/sigmod/DoppelhammerHKK97,253280,0.625
conf/vldb/LiCHH97,673668,1.0
conf/sigmod/GoyalHKMSZ97,253377,1.0
conf/sigmod/LlirbatFS97,253357,1.0
conf/vldb/ChakrabartiDAR97,673659,1.0
conf/vldb/BaumannFRW97,673652,1.0
journals/vldb/ChenHY97,765551,1.0
conf/sigmod/PatelYKTNBHRLEKGDN97,253342,1.0
journals/sigmod/BarbaraS97,262764,1.0
conf/sigmod/BerchtoldBBKK97,253263,1.0
conf/vldb/EicklerKK97,673666,1.0
conf/sigmod/ChaudhuriD97,253373,0.7
journals/sigmod/NadoH97,271083,1.0
conf/vldb/ZhangL97,671006,1.0
conf/vldb/GinisHKMT97,670997,1.0
conf/sigmod/GingrasLSPS97,253397,1.0
journals/vldb/SinghalS97,765546,1.0
conf/vldb/ShaferA97,671018,1.0
journals/sigmod/Qian97,248618,1.0
conf/sigmod/HammerGNYBV97,253395,1.0
conf/sigmod/AgrawalASY97,253355,1.0
conf/vldb/Jamil97,673648,1.0
conf/sigmod/BerchtoldK97,253407,1.0
conf/sigmod/MaheshwariL97,253338,0.875
conf/vldb/JagadishNSSK97,671013,1.0
conf/sigmod/BohrerBBCFHKKMNRRSUUW97a,253401,1.0
conf/vldb/HuangJR97,670996,1.0
conf/vldb/PoosalaI97,673638,1.0
conf/sigmod/TomasicABKNR97,253402,1.0
conf/sigmod/QuassW97,253352,1.0
conf/sigmod/CruzALRZ97,253376,1.0
journals/vldb/PapazogluK97,765560,0.7142857142857143
journals/vldb/PapazogluK97,765549,1.0
conf/vldb/VassalosP97,673662,1.0
conf/sigmod/BrinMS97,253327,1.0
conf/sigmod/BohrerBBCFHKKMNRRSUUW97,253294,0.6875
conf/vldb/ChangG97,671022,1.0
conf/vldb/SeidlK97,673655,1.0
conf/vldb/BohannonLRSSS97,671017,1.0
conf/vldb/CiacciaPZ97,671005,1.0
conf/vldb/SeshadriLR97,671010,1.0
conf/sigmod/RafieiM97,253264,1.0
journals/sigmod/Suciu97,271077,0.6666666666666666
conf/vldb/HaasKWY97,670995,1.0
journals/tods/Keen97,244811,0.8571428571428571
conf/vldb/SellisRF97,673658,1.0
conf/vldb/WangYM97,758369,1.0
conf/vldb/AlsabtiRS97,673650,1.0
journals/vldb/DiazJ97,765563,1.0
journals/sigmod/ClementLGMK97,262765,1.0
journals/vldb/BohmAnY97,765564,1.0
journals/tods/LakshmananLRS97,261131,1.0
journals/tods/EiterGM97,261126,1.0
conf/sigmod/HellersteinHW97,253291,1.0
conf/sigmod/GeneserethKD97,253400,1.0
conf/sigmod/GravanoCGP97,253299,0.6363636363636364
journals/sigmod/Konig-RiesL97,262771,0.631578947368421
conf/vldb/RossS97,670993,1.0
journals/sigmod/AshishK97,271078,1.0
conf/vldb/RothS97,670992,1.0
journals/vldb/BerchtoldKK97,765566,1.0
journals/vldb/HaasCLS97,765559,0.7777777777777778
conf/vldb/ChristodoulakisTZ97,671007,1.0
journals/tods/CliffordDIJS97,249980,0.7777777777777778
journals/sigmod/TomasicS97,248606,1.0
journals/sigmod/Fong97,248614,1.0
conf/sigmod/GuptaHR97,253366,1.0
journals/vldb/MehrotraKS97,765553,1.0
conf/vldb/GarofalakisOS97,758368,1.0
conf/vldb/KraissW97,673664,1.0
conf/vldb/NgC97,673643,1.0
conf/vldb/NgC97,765535,1.0
conf/sigmod/IoannidisLANT97,253415,0.75
conf/sigmod/HoAMS97,253274,1.0
conf/vldb/ChaudhuriN97,673646,1.0
conf/sigmod/Kramer97,253372,0.8
journals/sigmod/KramerNKRLKLZ97,248607,1.0
journals/vldb/PapazogluK97a,765549,0.75
conf/vldb/FaloutsosJS97,673641,1.0
conf/sigmod/ZhaoDN97,253288,1.0
conf/sigmod/BozkayaO97,253345,1.0
journals/sigmod/DoanPSB97,248617,1.0
journals/sigmod/JukicV97,262767,1.0
journals/sigmod/KaradimitriouT97,248613,1.0
journals/tods/FranklinCL97,261125,1.0
conf/vldb/LlirbatST97,670991,1.0
conf/vldb/GibbonsMP97,673669,1.0
conf/sigmod/KoudasS97,253340,1.0
journals/tods/StoreyCDGS97,278246,1.0
conf/vldb/DesslochM97,671012,1.0
conf/sigmod/LivnyRBCDLMW97a,253335,0.7142857142857143
conf/sigmod/LivnyRBCDLMW97a,253379,1.0
journals/vldb/LometS97,765558,1.0
conf/vldb/BerckenSW97,671016,1.0
journals/sigmod/FernandezFLS97,262763,1.0
conf/vldb/MorimotoIM97,673651,1.0
conf/sigmod/ZaharioudakisC97,253269,1.0
journals/vldb/IoannidisNSS97,765552,1.0
conf/vldb/YangKL97,673657,1.0
journals/tods/ZaharioudakisCF97,278249,1.0
conf/sigmod/YangM97,253361,1.0
journals/tods/AmmannJR97,249981,1.0
journals/sigmod/RamamrithamS97,262769,1.0
conf/vldb/Huyn97,673644,1.0
journals/sigmod/GuptaHR97,271093,1.0
conf/sigmod/SeshadriP97,253408,1.0
journals/sigmod/ConradEHRSSSV97,271089,1.0
conf/vldb/WhiteheadSM97,673660,1.0
journals/vldb/SteinbrunnMK97,765556,1.0
conf/sigmod/GriffinH97,253304,1.0
conf/sigmod/HanKS97,253404,1.0
conf/sigmod/HanKS97,276388,0.6363636363636364
conf/sigmod/FernandezFKLS97,253403,0.625
conf/sigmod/Chaudhuri97,253374,0.625
conf/sigmod/ONeilQ97,253268,1.0
journals/vldb/Antoshenkov97,765545,1.0
conf/vldb/GyssensL97,673639,1.0
journals/sigmod/RosenthalHRS97,248612,0.7272727272727273
conf/sigmod/LiCHH97,253384,1.0
conf/sigmod/BrinMUT97,253325,1.0
journals/sigmod/Gardels97,248610,1.0
journals/sigmod/BaaderJN97,274461,1.0
conf/sigmod/ShivakumarG97,253349,1.0
conf/vldb/FlorescuKLP97,673654,1.0
conf/sigmod/WodtkeWWDM97,253411,1.0
conf/vldb/LeeLWS97,671015,1.0
conf/sigmod/AcharyaFZ97,253293,1.0
conf/vldb/Jacobs97,673647,1.0
journals/sigmod/ChaudhuriD97,248616,1.0
conf/vldb/KumarKA97,671009,1.0
conf/vldb/ChavdaW97,671021,1.0
journals/sigmod/RamanathanH97,248615,1.0
conf/sigmod/TsueiPK97,253279,0.6363636363636364
journals/sigmod/GrayG97,271094,1.0
conf/vldb/ChatziantoniouR97,671003,1.0
conf/sigmod/Shasha97,253368,0.8125
conf/sigmod/HanKK97,253330,1.0
conf/sigmod/JajodiaSSB97,253364,1.0
journals/vldb/MehtaD97,765547,1.0
journals/sigmod/McHughW97,271082,1.0
conf/sigmod/WangSCRZP97,253406,1.0
conf/vldb/StathatosRB97,673653,1.0
conf/sigmod/KatayamaS97,253347,1.0
conf/sigmod/AdelbergGW97,253287,1.0
conf/vldb/PellenkoftLK97,673661,1.0
journals/tods/TariSS97,278247,1.0
journals/vldb/EvangelidisS97,765544,0.7058823529411765
conf/vldb/ClaussenKMP97,673649,1.0
conf/vldb/KietzRS97,671001,1.0
journals/sigmod/DadamK97,271096,1.0
conf/sigmod/GeorgeH97,253362,1.0
conf/sigmod/GeorgeH97,671190,0.6666666666666666
conf/vldb/HelmerM97,673667,1.0
conf/vldb/CherniackZ98,671177,1.0
journals/sigmod/KappelR98,290601,0.7
conf/sigmod/ZhaoDNS98,276329,1.0
conf/sigmod/GrumbachRS98,276324,1.0
conf/vldb/AbiteboulMRVW98,671172,1.0
journals/sigmod/BollKB98,306119,0.8333333333333334
journals/sigmod/Domingo-FerrerH98,306129,1.0
conf/vldb/Greco98,671344,1.0
journals/sigmod/BuchnerM98,306124,1.0
conf/sigmod/NgLK98,276364,0.8823529411764706
conf/vldb/GehrkeRG98,671330,1.0
conf/sigmod/LacroixSC98,276385,1.0
journals/sigmod/MeltzerC98,306105,1.0
conf/sigmod/HjaltasonS98,276326,1.0
conf/vldb/GarofalakisIO98,671193,1.0
conf/sigmod/JaedickeM98,276338,1.0
conf/sigmod/SubramanianV98,276333,0.7
conf/vldb/LinR98,671033,1.0
conf/vldb/KornLKF98,671025,1.0
conf/sigmod/DeshpandeRSN98,276328,1.0
conf/vldb/SilversteinBMU98,671027,1.0
conf/sigmod/Aulakh98,276367,1.0
conf/vldb/GibsonKR98,671202,1.0
journals/tods/MehrotraRKS98,277629,1.0
journals/sigmod/Lomet98,290598,1.0
conf/vldb/BlottKS98,671333,1.0
conf/vldb/GrovlenHT98,671204,1.0
journals/sigmod/SnodgrassHMOPRRWY98,290599,1.0
journals/sigmod/SnodgrassHMOPRRWY98,390004,0.6
conf/sigmod/BlakeleyP98,276354,1.0
conf/sigmod/NgLHP98,276307,0.8
conf/vldb/RezendeH98,671194,1.0
conf/sigmod/ChaudhuriN98a,276378,0.7777777777777778
journals/sigmod/ChangASS98,273264,1.0
conf/vldb/George98,671032,1.0
conf/sigmod/Cohen98a,276380,1.0
journals/sigmod/ChangGKRS98,290607,1.0
conf/sigmod/Lassettre98,276371,1.0
conf/vldb/GoldmanSVG98,671346,1.0
conf/sigmod/Mylopoulos98,276349,0.7857142857142857
journals/tods/SistlaWYS98,277641,1.0
conf/vldb/DoDJJR98,671165,1.0
conf/sigmod/KemperKM98,276351,1.0
conf/vldb/CarinoO98,671031,1.0
journals/sigmod/Chaudhri98,273247,1.0
conf/vldb/BaulierBKS98,671167,1.0
conf/vldb/SchieferKBLF98,671187,1.0
conf/sigmod/MatiasVW98,276344,1.0
journals/tods/BertinoBFS98,293151,1.0
conf/sigmod/Toyama98,276389,1.0
journals/tods/KonopnickiS98,277639,1.0
journals/tods/StolboushkinT98,288089,1.0
conf/vldb/Moerkotte98,671173,1.0
conf/sigmod/LometW98,276345,0.8888888888888888
conf/vldb/IshikawaSF98,671331,1.0
conf/sigmod/AgrawalGGR98,276314,1.0
conf/sigmod/KabraD98,276315,1.0
journals/vldb/ChakrabartiDAR98,765533,1.0
journals/sigmod/BernsteinBCDFGGHHJLMNPSU98,306137,1.0
conf/vldb/RastogiS98,671183,1.0
conf/vldb/GarciaLL98,671188,1.0
conf/vldb/BamfordBKM98,671023,1.0
conf/vldb/Ganguly98,671329,1.0
journals/tods/Revesz98,288088,1.0
journals/sigmod/MusickM98,273249,1.0
conf/vldb/BelloDDFNSWZ98,671335,1.0
conf/vldb/Objectivity98,758372,1.0
conf/vldb/RiedelGF98,671345,1.0
journals/sigmod/SnodgrassGIMSU98,290599,1.0
journals/sigmod/SnodgrassGIMSU98,390004,0.6
conf/vldb/MiloZ98,671326,1.0
conf/vldb/OzsuVU98,671024,1.0
conf/vldb/MorimotoFMTY98,671186,1.0
conf/sigmod/LiuPTBBZBHY98,276376,1.0
conf/sigmod/AdaliBSS98,276340,1.0
conf/sigmod/ChaudhuriMN98,276343,1.0
conf/vldb/ZhangL98,671332,1.0
journals/sigmod/GatziuKBF98,273255,1.0
conf/vldb/RoussopoulosK98,671180,1.0
conf/sigmod/GodfreySE98,276339,1.0
conf/sigmod/Stonebraker98,276348,1.0
conf/sigmod/PapadopoulosM98,276325,1.0
conf/vldb/Shaw98,671169,1.0
conf/vldb/HelmerWM98,671197,1.0
conf/sigmod/RaoR98,276309,1.0
conf/vldb/ZimbraoS98,671196,1.0
conf/sigmod/AndersonAF98,276365,1.0
conf/sigmod/BerchtoldK98,276353,0.9285714285714286
conf/vldb/Orenstein98,671178,1.0
conf/vldb/FankhauserGLMT98,758371,1.0
conf/sigmod/AmbiteABKMMMPT98,276381,1.0
journals/vldb/KraissW98,765532,1.0
conf/vldb/ShivakumarGC98,671179,1.0
conf/vldb/Amer-YahiaCD98,671324,1.0
journals/vldb/Han98,765520,1.0
journals/sigmod/TsotrasJS98,273258,1.0
conf/sigmod/CeriFP98,276390,1.0
journals/sigmod/LometBCLN98,290608,1.0
journals/sigmod/Seshadri98,273251,1.0
conf/sigmod/LahiriJJC98,276366,1.0
journals/sigmod/ReichB98,306115,1.0
conf/sigmod/Doherty98,276358,1.0
conf/vldb/Mihalisin98,671176,1.0
conf/vldb/EsterKSWX98,671201,1.0
conf/vldb/FangSGMU98,671338,1.0
conf/vldb/VenkataramanZ98,671028,1.0
conf/sigmod/SeidlK98,276319,1.0
conf/vldb/CarinoJ98,671030,1.0
conf/sigmod/ShintaniK98,276308,1.0
conf/vldb/ChakrabartiSD98,671328,1.0
conf/vldb/Pogue98,671174,1.0
conf/sigmod/KanthAS98,276320,1.0
conf/vldb/MengLYWCR98,671185,1.0
conf/vldb/Sterling98,671203,1.0
journals/sigmod/JenningsNF98,306112,1.0
conf/sigmod/Miller98,276322,1.0
conf/sigmod/LarsonG98,276346,1.0
journals/vldb/RoySSSA98,673645,0.75
journals/vldb/RoySSSA98,765534,1.0
journals/sigmod/EisenbergM98a,306144,1.0
conf/sigmod/UrhanFA98,276317,0.625
conf/vldb/JohnsonM98,671327,1.0
journals/sigmod/Roussopoulos98,273253,1.0
conf/vldb/AnkerstBKS98,671198,1.0
conf/sigmod/ZaianeHLCC98,253404,0.6363636363636364
conf/sigmod/ZaianeHLCC98,276388,1.0
journals/sigmod/Rosenthal98,273270,0.7777777777777778
conf/vldb/ArunJ98,758370,1.0
conf/sigmod/ClossmanSHKPB98,276352,1.0
conf/sigmod/WhiteCF98,276355,1.0
conf/vldb/BaulierBGJGKKMMNNRSS98,671175,1.0
conf/sigmod/FernandezFKLS98,276341,1.0
conf/vldb/CareyK98,671166,1.0
conf/vldb/Slutz98,671199,1.0
journals/sigmod/BurtonM98,273254,0.8888888888888888
journals/tods/DyresonS98,288087,1.0
conf/sigmod/Whelan98,276368,1.0
conf/sigmod/Bayardo98,276313,1.0
conf/vldb/MuthOPW98,671026,1.0
conf/sigmod/LiYVGPUV98,276382,1.0
journals/sigmod/FlorescuLM98,290605,1.0
conf/sigmod/NaumanS98,276369,1.0
journals/vldb/MehtaGPN98,765522,1.0
journals/tods/LiuHD98,277628,1.0
conf/sigmod/Kennamer98,276373,1.0
conf/sigmod/KotidisR98,276327,1.0
conf/vldb/ArgePRSV98,671340,1.0
journals/vldb/NgS98,765539,1.0
journals/vldb/IshakbeyogluO98,765525,1.0
conf/vldb/NipplM98,671337,1.0
conf/vldb/ShuklaDN98,671189,1.0
conf/vldb/Tygar98,671343,1.0
conf/sigmod/ReinwaldP98,276356,1.0
journals/sigmod/Han98,273273,1.0
conf/vldb/DarEGP98,671325,1.0
conf/sigmod/Cohen98,276323,1.0
conf/sigmod/GibbonsM98,276334,1.0
conf/vldb/FlorescuLS98,671168,1.0
journals/vldb/JiangE98,765538,1.0
conf/sigmod/KiepuszewskiMO98,276379,0.8888888888888888
conf/sigmod/Fegaras98,276310,1.0
conf/vldb/PapadiasMD98,671163,1.0
conf/vldb/GraefeBC98,671160,1.0
conf/sigmod/AvnurHLORRRW98,276383,1.0
journals/sigmod/CheungF98,290596,1.0
conf/sigmod/DarEGP98,276391,0.9166666666666666
journals/sigmod/GriffinK98,290597,1.0
conf/sigmod/AdamY98,276350,1.0
journals/vldb/NgC98,673643,1.0
journals/vldb/NgC98,765535,1.0
conf/vldb/GeorgeH98,253362,0.6666666666666666
conf/vldb/GeorgeH98,671190,1.0
conf/vldb/JagadishKMPSS98,671191,1.0
conf/sigmod/FranklinZ98,276360,1.0
journals/vldb/SofferS98,765540,1.0
journals/sigmod/Snodgrass98a,290599,1.0
journals/sigmod/Snodgrass98a,390004,0.6
conf/sigmod/RajagopalanML98,276342,1.0
conf/vldb/Vieille98,671336,1.0
conf/vldb/GingrasL98,671161,1.0
journals/vldb/Seshadri98,765531,1.0
conf/vldb/JoshiBLL98,671184,1.0
conf/sigmod/KornackerSH98,276384,1.0
conf/sigmod/ChenWZ98,276392,1.0
journals/sigmod/KoksalAD98,273265,1.0
conf/sigmod/TsurUACMNR98,276306,1.0
conf/sigmod/BerchtoldBK98,276318,1.0
conf/sigmod/Chong98,276370,1.0
journals/sigmod/EisenbergM98,290604,1.0
conf/sigmod/LiS98,276374,1.0
conf/sigmod/CluetDSS98,276321,1.0
conf/sigmod/JonssonFS98,276316,1.0
conf/vldb/KnorrN98,671334,1.0
journals/vldb/AbiteboulCM98,765527,1.0
conf/sigmod/ChanI98,276336,1.0
conf/vldb/BliujuteJSS98,671339,1.0
conf/sigmod/ChakrabartiDI98,276332,1.0
conf/sigmod/AndersonBKW98,276347,1.0
conf/sigmod/MeccaAMMS98,276375,0.6666666666666666
conf/sigmod/Spiro98,276359,1.0
conf/vldb/BraumandlCK98,671341,1.0
journals/tods/FormicaGM98,293152,1.0
conf/sigmod/GuhaRS98,276312,1.0
conf/vldb/WeberSB98,671192,1.0
journals/tods/CastanoAFP98,293150,1.0
conf/vldb/RamaswamyMS98,671170,1.0
conf/vldb/OoiGT98,671029,1.0
conf/vldb/Schoning98,671181,1.0
journals/sigmod/DogacDATKCD98,306109,1.0
journals/sigmod/KuokFW98,273257,1.0
conf/sigmod/OlstonWACELSS98,276377,1.0
journals/sigmod/Ritter98,306141,1.0
journals/vldb/ScheuermannWZ98,765523,1.0
journals/tods/Hellerstein98,277627,1.0
journals/sigmod/Danish98,306103,1.0
journals/vldb/HansonCDERTX98,765521,1.0
conf/vldb/BonczRK98,671171,1.0
conf/vldb/Mina98,671162,1.0
journals/sigmod/Manola98,273267,1.0
conf/sigmod/Eaton98,276357,1.0
conf/vldb/ZouS98,671182,1.0
conf/sigmod/SarawagiTA98,276335,0.8333333333333334
journals/vldb/DesslochHMMT98,765526,1.0
conf/vldb/RezendeS98,671195,1.0
conf/vldb/SheikholeslamiCZ98,671342,1.0
conf/sigmod/BaumannDFRW98,276386,1.0
journals/sigmod/KeetonPH98,290602,1.0
journals/vldb/BalkirO98,765542,1.0
journals/tods/ZobelMR98,277632,1.0
conf/sigmod/ParkKKLPC98,276387,1.0
journals/vldb/OoiTCH98,765528,1.0
journals/sigmod/Bernstein98,273271,1.0
journals/vldb/ZezulaSAR98,765541,1.0
conf/vldb/LakshmiZ98,671200,1.0
conf/sigmod/Brewer98,276372,1.0
journals/sigmod/BichlerSZ98,306102,0.8181818181818182
journals/sigmod/ChristoffelPSL98,306133,1.0
conf/vldb/Garcia-MolinaLY98,671164,1.0
conf/sigmod/CherniackZ98,276311,1.0
conf/sigmod/NestorovAM98,276331,1.0
journals/vldb/MehtaD97,335416,0.6666666666666666
conf/sigmod/GeorgeH97,764215,0.6666666666666666
conf/vldb/GibsonKR98,764217,1.0
journals/sigmod/SnodgrassHMOPRRWY98,602302,1.0
journals/sigmod/SnodgrassGIMSU98,602302,1.0
conf/vldb/GeorgeH98,764215,1.0
journals/sigmod/Snodgrass98a,602302,1.0
conf/vldb/SheikholeslamiCZ98,764221,0.7142857142857143
conf/vldb/GibbonsMP97,581753,1.0
journals/sigmod/Seligman97,601872,1.0
journals/sigmod/SnodgrassHMOPRRWY98,603882,1.0
journals/sigmod/SnodgrassHMOPRRWY98,604262,1.0
journals/sigmod/SnodgrassHMOPRRWY98,507364,1.0
journals/sigmod/SnodgrassHMOPRRWY98,601875,1.0
journals/sigmod/SnodgrassGIMSU98,603882,1.0
journals/sigmod/SnodgrassGIMSU98,604262,1.0
journals/sigmod/SnodgrassGIMSU98,507364,1.0
journals/sigmod/SnodgrassGIMSU98,601875,1.0
journals/sigmod/Snodgrass98a,603882,1.0
journals/sigmod/Snodgrass98a,604262,1.0
journals/sigmod/Snodgrass98a,507364,1.0
journals/sigmod/Snodgrass98a,601875,1.0
journals/sigmod/SnodgrassHMOPRRWY98,641001,1.0
journals/sigmod/SnodgrassGIMSU98,641001,1.0
journals/sigmod/Snodgrass98a,641001,1.0
journals/sigmod/Dogac98,945727,1.0
journals/tods/ChaudhuriS99,673461,1.0
journals/sigmod/RossCGJBV99,290599,1.0
journals/sigmod/RossCGJBV99,390004,0.6
journals/sigmod/SnodgrassACFLLORRSV99,290599,1.0
journals/sigmod/SnodgrassACFLLORRSV99,390004,0.6
journals/sigmod/Snodgrass99b,290599,1.0
journals/sigmod/Snodgrass99b,390004,0.6
journals/vldb/GeorgeH00,253362,0.6666666666666666
journals/vldb/GeorgeH00,671190,0.75
journals/sigmod/RossFLOSSVW00,290599,1.0
journals/sigmod/RossFLOSSVW00,390004,0.6
journals/vldb/GibsonKR00,671202,1.0
journals/vldb/SheikholeslamiCZ00,671342,0.6666666666666666
journals/sigmod/RossIJP00,290599,1.0
journals/sigmod/RossIJP00,390004,0.6
journals/vldb/Atkinson00,765530,1.0
journals/sigmod/RossAKSSY00,290599,1.0
journals/sigmod/RossAKSSY00,390004,0.6
conf/sigmod/LeeKOTM00,765547,0.6666666666666666
journals/sigmod/YauLMS99,333612,0.75
conf/vldb/CarinoOBS99,671525,1.0
conf/sigmod/BreitbartKRSS99,304191,0.7142857142857143
conf/sigmod/WolfsonSXZC99,304572,1.0
conf/sigmod/AltinelABFSZ99,304571,1.0
journals/sigmod/CeriFP99,310064,1.0
conf/sigmod/LeeKC99,304200,1.0
conf/sigmod/RoussopoulosKS99,304584,1.0
journals/tods/HjaltasonS99,320255,1.0
conf/sigmod/BohlenBD99,304585,1.0
journals/sigmod/Hampapur99,309883,0.75
conf/sigmod/BergstraesserBPS99,304248,1.0
conf/sigmod/BaulierBGGHJKKMMNNRSSSWW99,304239,0.75
journals/vldb/KrivokapicKG99,765510,1.0
conf/sigmod/TrisoliniLN99,304569,1.0
journals/sigmod/FowlerPNB99,310060,1.0
journals/tods/MuralidharS99,331986,1.0
conf/vldb/TanGO99,671519,1.0
conf/sigmod/AggarwalPWYP99,304188,1.0
conf/vldb/AilamakiDHW99,671662,1.0
journals/vldb/LawLG99,765513,1.0
conf/vldb/HoskingC99,671503,1.0
conf/sigmod/BeyerR99,304214,0.75
conf/sigmod/CruzJ99,304587,1.0
conf/sigmod/JagadishLS99,304186,1.0
conf/vldb/KnorrN99,671529,1.0
conf/vldb/ChengGKLLQS99,671357,1.0
journals/sigmod/RossCGJBV99,602302,1.0
conf/sigmod/AdelbergD99,304576,1.0
conf/sigmod/LakshmananNHP99,304196,1.0
conf/vldb/AcharyaGP99,671347,1.0
journals/sigmod/BergamaschiCV99,309897,1.0
journals/tods/DattaVCK99,310710,1.0
conf/vldb/ChaudhuriG99,671359,1.0
conf/vldb/PedersenJD99,671491,1.0
journals/sigmod/FrankGGJKLMNPSSSTW99,333609,1.0
conf/vldb/Kornacker99,671358,1.0
conf/sigmod/BlohsfeldKS99,304203,1.0
conf/vldb/HaasKU99,671671,1.0
conf/vldb/TamuraK99,671495,1.0
conf/vldb/SahuguetA99,671350,1.0
conf/vldb/BernsteinPS99,671498,1.0
conf/vldb/BernsteinPS99,765235,0.7
conf/vldb/VriesDBA99,671530,1.0
conf/vldb/RothOH99,671494,1.0
journals/sigmod/EisenbergM99,310075,0.7777777777777778
journals/sigmod/JacobS99,344857,0.75
conf/vldb/DattaRT99,671352,1.0
conf/sigmod/CallanCD99,304224,1.0
conf/vldb/KonigW99,671668,1.0
journals/tods/WandSW99,331989,1.0
conf/vldb/ZirintsisKM99,758374,1.0
conf/sigmod/ChakrabartiM99,304185,1.0
conf/vldb/JosifovskiR99,671673,1.0
conf/vldb/Pound99,671490,1.0
journals/tods/LeveneL99,310712,1.0
conf/sigmod/HaasH99,304208,1.0
conf/sigmod/KrishnamurthyBN99,304235,0.8333333333333334
journals/sigmod/BoulosO99,333610,1.0
journals/sigmod/DomenigD99,333615,1.0
conf/sigmod/Hammond99,304243,1.0
journals/tods/DeySB99,331984,1.0
conf/vldb/McHughW99,671349,1.0
journals/sigmod/Mackay99,309852,1.0
journals/sigmod/Libkin99,344850,1.0
conf/sigmod/LiuHBPT99,304570,0.7777777777777778
conf/vldb/CareyCNVDRSM99,671522,1.0
conf/sigmod/DavulcuFKR99,304225,1.0
journals/sigmod/SmithO99,309878,1.0
journals/sigmod/KempsterST99,344843,1.0
conf/sigmod/GehrkeGRL99,304197,1.0
journals/sigmod/Abiteboul99,344853,1.0
conf/sigmod/CareyCNVDRSM99,304234,1.0
journals/vldb/LiR99,765515,1.0
journals/sigmod/SycaraKWL99,309895,1.0
conf/sigmod/Chakrabarti99,304231,1.0
conf/sigmod/Brown99,304236,1.0
conf/vldb/KoudasMJ99,758373,1.0
conf/vldb/GionisIM99,671516,1.0
conf/sigmod/YerneniLGU99,304221,1.0
conf/vldb/Dayal99,671502,1.0
conf/sigmod/ChanI99,304201,1.0
journals/sigmod/Etzion99,344820,0.8666666666666667
journals/tods/Wijsen99,310715,1.0
conf/sigmod/NatsevRS99,304217,1.0
conf/sigmod/AcharyaPR99,304184,1.0
conf/sigmod/MankuRL99,304204,1.0
journals/sigmod/SnodgrassACFLLORRSV99,602302,1.0
journals/sigmod/HansonN99,344839,1.0
conf/vldb/FlorescuLSY99,671493,1.0
journals/sigmod/ConradHHKRSS99,333608,0.8181818181818182
conf/vldb/LiRS99,671355,1.0
journals/tods/BozkayaO99,328959,1.0
journals/sigmod/GatziuJSV99,344825,0.9166666666666666
journals/sigmod/Snodgrass99b,602302,1.0
conf/vldb/BouganimCDDGS99,671518,1.0
conf/vldb/ChakrabartiBD99,671523,1.0
conf/sigmod/AcharyaGPR99a,304207,1.0
journals/sigmod/RamDD99,333613,1.0
journals/vldb/KabraD99,765518,1.0
conf/vldb/Chawathe99,671669,1.0
journals/sigmod/CareyS99,310071,1.0
conf/vldb/PacittMS99,671521,1.0
journals/tods/YanG99,331992,1.0
conf/sigmod/LabioYG99,304216,1.0
conf/vldb/DyresonBJ99,671672,1.0
journals/tods/CasatiCPP99,328996,1.0
conf/vldb/ZurekS99,671665,0.9
conf/vldb/IoannidisP99,671527,1.0
conf/sigmod/FlorescuLMS99,304210,1.0
conf/sigmod/KotidisR99,304215,1.0
conf/sigmod/AboulnagaC99,304198,1.0
conf/vldb/RaoR99,671362,1.0
conf/vldb/JaedickeM99,671515,1.0
conf/vldb/CeriFP99,671524,1.0
conf/sigmod/GarofalakisRRS99,304227,0.8421052631578947
conf/sigmod/ShanmugasundaramNSR99,304190,1.0
conf/vldb/DeRose99,671670,1.0
journals/sigmod/PapazoglouH99,309886,1.0
conf/sigmod/Kohler99,304241,1.0
conf/vldb/Blum99,671348,1.0
journals/sigmod/ForteHWDCVHFS99,309870,1.0
conf/sigmod/AnkerstBKS99,304187,1.0
conf/sigmod/Jamil99,304192,1.0
conf/sigmod/JarkeQBLMS99,304568,1.0
conf/sigmod/ChaudhuriMN99,304206,1.0
conf/sigmod/BargaL99,304577,1.0
journals/sigmod/VassiliadisS99,344869,1.0
journals/sigmod/ShethBS99,310067,0.7692307692307693
journals/sigmod/NascimentoM99,310062,1.0
conf/sigmod/LometT99,304189,1.0
journals/tods/Alagic99,328943,1.0
conf/sigmod/Suciu99,304233,1.0
journals/vldb/AslanM99,765512,1.0
conf/vldb/Norvag99,758375,1.0
journals/sigmod/PapianiWDN99,333614,1.0
conf/sigmod/AdaliSS99,304193,1.0
journals/sigmod/EisenbergM99a,344864,0.75
conf/vldb/Johnson99,671351,1.0
conf/sigmod/IvesFFLW99,304209,1.0
conf/vldb/DeutschPT99,756643,1.0
journals/sigmod/RoantreeMH99,310066,1.0
conf/vldb/Sarawagi99,671500,1.0
conf/sigmod/Mohan99,304230,1.0
journals/vldb/HarderST99,765516,1.0
conf/vldb/JagadishKNS99,671501,1.0
conf/vldb/JagadishKNS99,765237,0.6666666666666666
conf/vldb/Graefe99,671528,1.0
conf/vldb/NinkHR99,671661,1.0
conf/sigmod/BraumandlKK99,304573,1.0
conf/vldb/ChenCFGJMTW99,671496,1.0
conf/sigmod/Keim99,304219,1.0
conf/vldb/ChanI99,671365,1.0
conf/sigmod/KanthRSB99,304240,1.0
conf/vldb/KeimH99,671505,1.0
conf/vldb/KemperKW99,671506,1.0
conf/sigmod/BaruGLMPVC99,304590,1.0
conf/sigmod/BouguettayaBH99,304589,0.6666666666666666
conf/vldb/JagadishLS99,671666,1.0
conf/vldb/LeeL99,671354,1.0
conf/vldb/JagadishMN99,671667,1.0
journals/sigmod/SouzaS99,310063,1.0
conf/vldb/VorugantiOU99,671363,1.0
conf/sigmod/Wu99,304202,1.0
conf/sigmod/JagadishLMSV99,304194,1.0
conf/vldb/AbiteboulAAACHHMMMMSTV99,671497,1.0
journals/sigmod/GruenwaldBDGSSV99,333616,1.0
journals/sigmod/KuanL99,310065,1.0
conf/vldb/PitouraC99,671504,1.0
conf/sigmod/NgLHM99,304575,1.0
conf/sigmod/VitterW99,304199,1.0
journals/sigmod/MusickC99,344860,1.0
conf/sigmod/RundensteinerCLCZNJLW99,304579,1.0
conf/vldb/JermaineDO99,671517,1.0
journals/vldb/BonczK99,765511,1.0
conf/vldb/BaumannDFRW99,671513,1.0
conf/vldb/KumarRRT99,671512,1.0
journals/vldb/HuangDT99,765517,1.0
conf/sigmod/MamoulisP99,304183,1.0
conf/vldb/RamanRH99,671663,1.0
conf/sigmod/DeutschFS99,304220,1.0
conf/vldb/Campbell99,671353,1.0
conf/sigmod/ChangG99,304212,1.0
conf/sigmod/DoRD99,304250,1.0
conf/vldb/BamfordAP99,671509,1.0
conf/sigmod/VossenW99,304586,1.0
conf/vldb/DonjerkovicR99,671510,1.0
conf/vldb/DarmontS99,671361,1.0
conf/vldb/NaumannLF99,671356,1.0
conf/vldb/WangZL99,671360,1.0
conf/sigmod/ZhouLP99,304580,1.0
conf/vldb/FuhDCMTLDRM99,671520,1.0
conf/sigmod/HinneburgK99,304232,1.0
conf/sigmod/Team99,304244,0.8
conf/sigmod/Greer99,304242,0.7142857142857143
journals/tods/GravanoGT99,320252,1.0
journals/sigmod/Gal99,310061,1.0
conf/sigmod/MayrS99,304213,1.0
journals/sigmod/RosenthalS99,333611,1.0
conf/vldb/AbiteboulACEMM99,671664,1.0
journals/tods/ChaudhuriS99,320249,1.0
conf/sigmod/RundensteinerKZWLLN99,304574,1.0
conf/sigmod/MaratheS99,304211,1.0
conf/sigmod/BonnetBCCCHKMMOSS99,304583,0.8
conf/vldb/Hamilton99,671508,1.0
conf/vldb/BonczMK99,671364,1.0
conf/vldb/BonczMK99,765238,0.8181818181818182
conf/vldb/Mohan99,671526,1.0
conf/sigmod/Ozsu99,304228,0.6666666666666666
conf/vldb/GohOST99,671507,1.0
conf/sigmod/LiVCAHMWBCHIKSS99,304578,1.0
conf/vldb/ShanmugasundaramGTZDN99,671499,1.0
conf/vldb/BrodieC99,671492,1.0
conf/vldb/LakshmananSS99,671511,1.0
conf/sigmod/Hidber99,304195,1.0
conf/sigmod/AcharyaGPR99,304581,1.0
conf/sigmod/EmbleyJN99,304223,1.0
conf/sigmod/BrodskySCE99,304582,1.0
conf/sigmod/AggarwalWY99,304218,1.0
conf/sigmod/PapakonstantinouV99,304222,1.0
conf/vldb/GarofalakisRS99,671514,1.0
conf/sigmod/Dullmann99,304229,1.0
conf/vldb/SakuraiYUK00,671676,1.0
conf/vldb/YuV00,758377,1.0
conf/vldb/PardonA00,671860,1.0
conf/vldb/CeriCW00,671876,1.0
conf/sigmod/HanPY00,335372,1.0
conf/vldb/CareyKSSS00,671862,1.0
journals/vldb/CandanLS00,765231,1.0
journals/sigmod/Palpanas00,362142,1.0
journals/tods/KemmeA00,363955,1.0
journals/sigmod/BonifatiC00,344822,1.0
conf/sigmod/BreunigKNS00,335388,1.0
journals/sigmod/VetterliVS00,362138,0.9230769230769231
journals/vldb/GeorgeH00,764215,0.75
journals/vldb/LiangOY00,764223,1.0
conf/vldb/RisheYACLMVSV00,671681,1.0
journals/sigmod/YuenCLL00,369282,1.0
conf/vldb/AltinelF00,671841,1.0
conf/sigmod/LitwinS00,335418,1.0
conf/sigmod/RoySSB00,335419,1.0
journals/sigmod/BernsteinHP00,369289,0.8571428571428571
journals/sigmod/LabrinidisR00,344794,1.0
conf/vldb/JiangSLB00,672021,1.0
conf/vldb/LaneEN00,671857,1.0
journals/tods/KossmannFDA00,377677,1.0
journals/vldb/TanGO00,765240,1.0
conf/sigmod/FegarasSRM00,335494,1.0
conf/vldb/YagoubFIV00,672020,1.0
conf/sigmod/IvesLPST00,335492,1.0
conf/sigmod/ReveszCKLLW00,336590,1.0
journals/vldb/FuCCM00,765232,1.0
conf/vldb/ChangG00,672022,1.0
conf/vldb/Blecken00,671691,1.0
conf/sigmod/BerckenDS00,336562,1.0
conf/vldb/DiligentiCLGG00,671854,1.0
conf/sigmod/LabioWGG00,335379,1.0
conf/vldb/HvasshovdBT00,671853,1.0
conf/vldb/LingLL00,671868,1.0
conf/sigmod/WaasG00,335451,1.0
conf/sigmod/PonnekantiK00,335462,1.0
journals/sigmod/Bussche00,362136,1.0
conf/sigmod/JarkeQCLFLVV00,336570,1.0
journals/tods/BohlenJS00,377665,1.0
journals/sigmod/WuY00,362096,1.0
conf/sigmod/BarclaySG00,335424,0.8571428571428571
conf/vldb/YiF00,671689,1.0
journals/tods/Bohm00,357776,1.0
conf/sigmod/Jhingran00,335469,1.0
conf/sigmod/ChenJDTW00,335432,1.0
conf/sigmod/WangSSZZW00,335495,1.0
conf/vldb/Brodie00,671680,1.0
conf/vldb/Brodie00,671861,0.875
conf/sigmod/RiedelFGN00,335375,1.0
conf/vldb/ChakrabartiM00,671852,1.0
journals/sigmod/RoddickABDEGHLMMMW00,344789,1.0
conf/vldb/PedersenJD00,671842,1.0
conf/sigmod/SaltenisJLL00,335427,1.0
journals/vldb/ManegoldBK00,671364,0.8181818181818182
journals/vldb/ManegoldBK00,765238,1.0
conf/vldb/Nori00,671698,1.0
conf/sigmod/WattezCBFF00,335452,1.0
conf/vldb/Taylor00,671859,1.0
conf/sigmod/Carey00,335476,0.75
journals/sigmod/TheodoridisN00,362104,1.0
journals/sigmod/RossFLOSSVW00,602302,1.0
conf/vldb/ManolescuFKXO00,671846,1.0
conf/vldb/HelalL00,671869,1.0
conf/sigmod/ZaharioudakisCLPU00,335390,1.0
conf/vldb/CowleyP00,671837,1.0
conf/vldb/BernsteinHJRW00,671867,1.0
conf/sigmod/LehnerSPC00,335454,0.8333333333333334
conf/vldb/PantiSG00,671693,1.0
conf/vldb/CotterB00,672015,1.0
conf/sigmod/GoldmanW00,335422,1.0
conf/vldb/GantiLR00,672017,1.0
conf/vldb/X00a,758376,1.0
conf/vldb/ShahabiFKF00,671682,1.0
journals/vldb/WidomS00,764213,0.6363636363636364
conf/sigmod/PopaDST00,335421,1.0
conf/vldb/PottingerL00,671692,1.0
conf/vldb/Bowker00,671871,1.0
journals/sigmod/EisenbergM00,344819,1.0
journals/sigmod/ClementiniF00,362101,1.0
conf/sigmod/BratsbergT00,335477,0.6363636363636364
conf/sigmod/BratsbergT00,671853,0.625
journals/vldb/ClaussenKKW00,765236,0.7272727272727273
journals/vldb/GibsonKR00,764217,1.0
conf/vldb/ChristopheBPV00,758380,1.0
conf/vldb/Tsur00,671840,1.0
conf/sigmod/LakhamrajuRSS00,335381,1.0
journals/vldb/SheikholeslamiCZ00,764221,0.8
conf/vldb/Bar-YossefBCFW00,671873,1.0
journals/sigmod/DongS00,344808,1.0
conf/vldb/ManegoldBK00,672010,1.0
journals/vldb/BernsteinPS00,671498,0.7
journals/vldb/BernsteinPS00,765235,1.0
journals/tods/ParsonsW00,357778,1.0
journals/vldb/JagadishKNS00,671501,0.6666666666666666
journals/vldb/JagadishKNS00,765237,1.0
conf/sigmod/AnnamalaiCD00,335463,1.0
conf/sigmod/Nori00,335474,0.8823529411764706
conf/sigmod/Rodriguez-Martinez00,336575,1.0
conf/sigmod/ChenDLT00,336560,1.0
conf/vldb/GuPS00,756647,1.0
conf/sigmod/HellersteinA00,335420,1.0
conf/sigmod/RaoR00,335449,0.6666666666666666
journals/tods/Lerner00,352983,1.0
journals/vldb/FernandezFLS00,765222,0.75
journals/tods/CuiWW00,357777,1.0
conf/sigmod/YangYW00,336578,1.0
conf/vldb/JohnsonA00,671874,1.0
conf/vldb/PappasC00,671850,1.0
journals/vldb/TorpJS00,764220,1.0
conf/sigmod/SalemBCL00,335393,1.0
conf/vldb/RamsakMFZEB00,671872,1.0
journals/sigmod/CasatiDS00,369276,0.6666666666666666
conf/vldb/AdiBEY00,671839,1.0
journals/sigmod/PossasMCR00,369278,1.0
conf/sigmod/LiefkeS00,335405,1.0
conf/vldb/MohanBWSZ00,671858,1.0
conf/vldb/KriegelPS00,671844,1.0
journals/sigmod/RossIJP00,602302,1.0
journals/sigmod/WestmannKHM00,362137,1.0
conf/sigmod/HsuLG00,336573,1.0
conf/vldb/ChakrabartiSST00,758378,1.0
conf/sigmod/RodriguezR00,335413,1.0
conf/vldb/ChoenniV00,672008,1.0
journals/sigmod/LiefkeS00,344815,1.0
conf/sigmod/GillmannWSWW00,336577,0.8333333333333334
conf/vldb/LakshmananJN00,671863,1.0
conf/vldb/Banerjee00,671683,1.0
conf/vldb/RamamrithamABEGP00,672007,1.0
journals/vldb/Atkinson00,765219,1.0
journals/vldb/Atkinson00,765234,1.0
conf/vldb/SchaeferBBJ00,671845,1.0
journals/tods/BaralisW00,363954,1.0
conf/sigmod/Weininger00,335465,1.0
conf/vldb/DingGS00,672013,1.0
conf/vldb/WangZ00,671687,1.0
conf/sigmod/LabrinidisR00,335430,1.0
conf/sigmod/PeiMHZ00,336572,0.8
conf/sigmod/KornM00,335415,1.0
conf/vldb/GoldsteinR00,671849,1.0
conf/vldb/Schnase00,671685,1.0
conf/sigmod/ChoSG00,335429,1.0
conf/sigmod/Gal00,335479,0.7333333333333333
conf/sigmod/GarofalakisGRSS00,335409,1.0
conf/vldb/NetzCBF00,671836,1.0
journals/vldb/GruserRZZ00,765221,1.0
conf/vldb/KemmeA00,671855,1.0
conf/sigmod/ForlizziGNS00,335426,1.0
conf/vldb/ChoG00,671679,1.0
journals/tods/GutingBEJLSV00,352963,0.7777777777777778
conf/vldb/ShanmugasundaramSBCLPR00,671695,1.0
conf/sigmod/ShenoyHSBBS00,335376,1.0
conf/vldb/Deshpande00,671866,1.0
conf/sigmod/GunopulosKTD00,335448,1.0
journals/sigmod/Halevy00,369284,1.0
conf/sigmod/AgrawalW00,335423,1.0
conf/sigmod/RundensteinerCCSO00,335496,1.0
conf/sigmod/JagadishKS00,335434,1.0
conf/vldb/Ladin00,671856,1.0
conf/vldb/BasuFP00,671865,1.0
journals/sigmod/ArpinarD00,362098,0.8
conf/vldb/RamasamyPNK00,672009,1.0
conf/vldb/GrumbachRS00,672005,1.0
conf/vldb/DeenJNNW00,671702,1.0
conf/sigmod/FaloutsosSTT00,335412,1.0
conf/vldb/ChakrabartiGRS00,671851,1.0
conf/vldb/BeneventanoBCCGMMV00,672014,1.0
conf/sigmod/Ramakrishnan00,335471,0.6428571428571429
journals/vldb/BerendtS00,765223,1.0
journals/vldb/KnorrNT00,764218,1.0
journals/sigmod/Jhingran00,369287,1.0
conf/vldb/Schek00,671680,0.875
conf/vldb/Schek00,671861,1.0
conf/sigmod/MerialdoAMMP00,335497,1.0
journals/sigmod/LeeC00,362140,1.0
conf/sigmod/RamaswamyRS00,335437,1.0
conf/vldb/PfoserJT00,672019,1.0
conf/vldb/WangHH00,671697,1.0
conf/sigmod/AggarwalY00,335383,1.0
journals/vldb/BraumandlCKK00,764214,1.0
conf/sigmod/AcharyaGP00,335450,1.0
journals/tods/KossmannS00,352982,1.0
conf/sigmod/ChoG00,335391,1.0
conf/sigmod/PalmerF00,335384,1.0
conf/vldb/PereiraFLS00,671690,1.0
conf/vldb/KoudasIM00,671699,1.0
conf/vldb/MatiasVW00,672011,1.0
conf/vldb/MillerHH00,671677,1.0
conf/sigmod/Lomet00,335378,1.0
journals/sigmod/LudwigG00,362094,0.8333333333333334
conf/vldb/SrinivasanDFCJYKTDB00,672004,1.0
journals/sigmod/RossAKSSY00,602302,1.0
conf/sigmod/ChristophidesCS00,335395,1.0
conf/vldb/CasatiS00,671694,1.0
conf/sigmod/AgrawalS00,335438,1.0
conf/vldb/StohrMR00,671843,1.0
journals/vldb/BunemanFS00,765224,1.0
journals/vldb/RamanRH00,765239,1.0
conf/vldb/ChaudhuriW00,671696,1.0
conf/vldb/YagoubFIV00a,758379,1.0
conf/vldb/DiaoLCT00,671678,1.0
conf/vldb/Team00,671838,1.0
conf/sigmod/Sarawagi00,336564,0.8181818181818182
journals/vldb/MirbelPSTV00,765230,1.0
journals/sigmod/PoessF00,369291,1.0
conf/sigmod/Galhardas00,336568,1.0
conf/sigmod/ChenCPPSTM00,335466,1.0
conf/vldb/HinneburgAK00,671675,1.0
conf/sigmod/Hellerstein00,335473,0.8333333333333334
conf/sigmod/LeeKOTM00,335416,1.0
conf/vldb/WuFSP00,671847,1.0
conf/sigmod/OriaOILY00,336589,1.0
conf/sigmod/OrdonezC00,335468,1.0
conf/vldb/LuL00,671686,1.0
conf/sigmod/BressanGOT00,336587,1.0
conf/sigmod/SzalayGKT00,335439,1.0
journals/vldb/PacittiS00,764222,1.0
conf/vldb/GuntzerBK00,671875,1.0
conf/vldb/Ramaswamy00,672012,1.0
conf/vldb/LabioYCGW00,671684,1.0
conf/vldb/OlstonW00,671877,1.0
conf/vldb/BalminPP00,672016,1.0
conf/vldb/AgrawalCN00,671701,1.0
journals/tods/FegarasM00,377676,1.0
journals/sigmod/Vassilakis00,344803,1.0
journals/vldb/ChidlovskiiB00,765220,1.0
conf/sigmod/LiuPBHPT00,336579,1.0
conf/sigmod/LiBCS00,336583,1.0
conf/vldb/Carey00,671700,1.0
conf/vldb/DuttaDMRT00,672018,1.0
conf/sigmod/CorralMTV00,335414,1.0
conf/vldb/CarusoCGLM00,671870,1.0
conf/vldb/LudasaherGM00,671864,1.0
conf/sigmod/MoonSL00,335428,1.0
conf/sigmod/ChangBCLLS00,335433,1.0
conf/sigmod/Ross00,335457,1.0
journals/sigmod/PourabbasR00,344799,1.0
conf/vldb/MendelzonV00,672006,1.0
journals/vldb/MuthOPW00,764216,1.0
journals/sigmod/PaepckeGRC00,344828,1.0
conf/sigmod/OhHP00,335436,1.0
journals/tods/Meo00,363956,1.0
conf/vldb/JarkeKL00,671688,1.0
conf/sigmod/HsiaoN00,335461,1.0
conf/vldb/X00,671674,1.0
journals/vldb/KornLKF00,764219,1.0
journals/sigmod/RashidS00,369281,1.0
journals/sigmod/RossCGJBV99,603882,1.0
journals/sigmod/RossCGJBV99,604262,1.0
journals/sigmod/RossCGJBV99,507364,1.0
journals/sigmod/RossCGJBV99,601875,1.0
journals/sigmod/SnodgrassACFLLORRSV99,603882,1.0
journals/sigmod/SnodgrassACFLLORRSV99,604262,1.0
journals/sigmod/SnodgrassACFLLORRSV99,507364,1.0
journals/sigmod/SnodgrassACFLLORRSV99,601875,1.0
journals/sigmod/Snodgrass99b,603882,1.0
journals/sigmod/Snodgrass99b,604262,1.0
journals/sigmod/Snodgrass99b,507364,1.0
journals/sigmod/Snodgrass99b,601875,1.0
journals/sigmod/GruenwaldBDGSSV99,601881,0.6666666666666666
conf/sigmod/MaratheS99,767098,1.0
conf/sigmod/Ozsu99,507339,0.6666666666666666
journals/sigmod/RossFLOSSVW00,603882,1.0
journals/sigmod/RossFLOSSVW00,604262,1.0
journals/sigmod/RossFLOSSVW00,507364,1.0
journals/sigmod/RossFLOSSVW00,601875,1.0
conf/vldb/PottingerL00,767146,0.8
conf/vldb/ChristopheBPV00,767143,0.8
journals/sigmod/Hammer00,601859,1.0
journals/sigmod/RossIJP00,603882,1.0
journals/sigmod/RossIJP00,604262,1.0
journals/sigmod/RossIJP00,507364,1.0
journals/sigmod/RossIJP00,601875,1.0
journals/vldb/Atkinson00,767133,1.0
journals/vldb/Atkinson00,767142,1.0
journals/vldb/Atkinson00,764200,1.0
conf/vldb/ShanmugasundaramSBCLPR00,767144,1.0
conf/vldb/ChakrabartiGRS00,767147,1.0
journals/sigmod/RossAKSSY00,603882,1.0
journals/sigmod/RossAKSSY00,604262,1.0
journals/sigmod/RossAKSSY00,507364,1.0
journals/sigmod/RossAKSSY00,601875,1.0
journals/sigmod/RossCGJBV99,641001,1.0
journals/sigmod/SnodgrassACFLLORRSV99,641001,1.0
journals/sigmod/Snodgrass99b,641001,1.0
journals/sigmod/GruenwaldBDGSSV99,959087,0.6
journals/sigmod/RossFLOSSVW00,641001,1.0
journals/sigmod/RossIJP00,641001,1.0
journals/vldb/Atkinson00,950482,1.0
journals/vldb/Atkinson00,953239,1.0
journals/sigmod/RossAKSSY00,641001,1.0
journals/vldb/AbbadiSW01,765530,1.0
journals/sigmod/RossHLW01,290599,1.0
journals/sigmod/RossHLW01,390004,0.6
journals/sigmod/LenzeriniNNS01,290595,0.7333333333333333
journals/sigmod/RossCGLLM01,290599,1.0
journals/sigmod/RossCGLLM01,390004,0.6
journals/sigmod/RossHKRRSS01,290599,1.0
journals/sigmod/RossHKRRSS01,390004,0.6
journals/sigmod/RossAJS02,290599,1.0
journals/sigmod/RossAJS02,390004,0.6
journals/sigmod/RossAA02,290599,1.0
journals/sigmod/RossAA02,390004,0.6
journals/sigmod/RossKMV02,290599,1.0
journals/sigmod/RossKMV02,390004,0.6
journals/sigmod/RossFS02,290599,1.0
journals/sigmod/RossFS02,390004,0.6
journals/vldb/Halevy02,765530,1.0
journals/tods/GibbonsMP02,673669,1.0
journals/vldb/PottingerH01,671692,0.8
journals/vldb/ShanmugasundaramSBCLPR01,671695,1.0
journals/vldb/PucheralBVB01,758380,0.8
journals/vldb/AbbadiSW01,765219,1.0
journals/vldb/AbbadiSW01,765234,1.0
journals/sigmod/RossHLW01,602302,1.0
journals/vldb/ChakrabartiGRS01,671851,1.0
journals/sigmod/RossCGLLM01,602302,1.0
journals/sigmod/RossHKRRSS01,602302,1.0
journals/sigmod/WinslettCDHZZ02,333616,0.6666666666666666
journals/sigmod/RossAJS02,602302,1.0
journals/sigmod/RossAA02,602302,1.0
journals/sigmod/RossKMV02,602302,1.0
journals/sigmod/RossFS02,602302,1.0
journals/vldb/Halevy02,765219,1.0
journals/vldb/Halevy02,765234,1.0
journals/vldb/MaratheS02,304211,1.0
journals/sigmod/CabreraLM01,604269,1.0
conf/vldb/OzdenGHNSDGGW01,672352,1.0
conf/sigmod/FernandezMS01,375674,1.0
conf/vldb/MarronL01,672372,1.0
conf/vldb/OzsuLON01,672177,1.0
conf/vldb/VeltriCV01,672192,1.0
conf/vldb/VeltriCV01,641273,0.625
journals/tods/Snodgrass01a,505049,1.0
journals/tods/Snodgrass01a,505055,1.0
journals/tods/Snodgrass01a,641269,1.0
conf/vldb/Huyn01,672037,1.0
conf/sigmod/MistryRSR01,375703,1.0
conf/vldb/BlokWZPAKJ01,672179,1.0
journals/sigmod/Aberer01a,604274,1.0
journals/sigmod/Aberer01a,507353,1.0
journals/sigmod/Aberer01a,637424,1.0
journals/sigmod/Aberer01a,601865,1.0
journals/sigmod/Aberer01a,565129,1.0
conf/vldb/MargaritisFT01,758382,1.0
conf/vldb/StohrR01,672208,1.0
conf/vldb/AndreiV01,672357,1.0
journals/vldb/PottingerH01,767146,1.0
journals/sigmod/BarbaraCJW01,604268,1.0
conf/vldb/StanoiRAA01,672207,1.0
conf/vldb/ChungCLL01,672347,1.0
conf/sigmod/BreunigKKS01,375672,1.0
journals/vldb/Sarawagi01,767148,1.0
conf/vldb/BerckenS01,672197,1.0
conf/sigmod/LahiriG01,375751,1.0
journals/vldb/DattaDVRN01,767140,1.0
journals/sigmod/MillerHHYHFP01,373713,1.0
conf/vldb/UrhanF01,672188,1.0
conf/sigmod/YuMWL01,375684,1.0
conf/vldb/Gentili01,672184,1.0
journals/sigmod/ShanmugasundaramSKKVNT01,603871,0.8333333333333334
conf/vldb/Adler01,758383,1.0
journals/vldb/LaurentLSV01,767152,1.0
conf/sigmod/ChenZCKR01,375789,1.0
journals/sigmod/Cetintemel01,604284,1.0
conf/vldb/OoiYTJ01,672178,1.0
conf/vldb/SatheS01,672366,1.0
conf/sigmod/Sahuguet01,375757,1.0
conf/sigmod/Meseck01,375745,0.7272727272727273
journals/sigmod/Suciu01,603874,1.0
conf/sigmod/Bussler01,375810,1.0
conf/sigmod/LangS01,375716,1.0
journals/sigmod/LudascherMM01,603876,1.0
conf/vldb/NatsevCSLV01,672365,1.0
conf/sigmod/ChenGK01,375692,1.0
conf/vldb/FegarasE01,672209,1.0
journals/vldb/SuHHHLWLPLL01,767138,1.0
conf/sigmod/CarinoKKB01,375733,0.9230769230769231
journals/sigmod/Fankhauser01,603870,0.8571428571428571
journals/vldb/ShanmugasundaramSBCLPR01,767144,1.0
conf/sigmod/NgWY01,375666,1.0
conf/sigmod/HernandezMHYHT01,375767,1.0
conf/sigmod/GehrkeKS01,375665,1.0
conf/vldb/BohmMSW01,672198,1.0
journals/tods/Snodgrass01,505049,1.0
journals/tods/Snodgrass01,505055,1.0
journals/tods/Snodgrass01,641269,1.0
conf/vldb/MaedaT01,672378,1.0
conf/sigmod/NazeriBO01,375743,1.0
journals/sigmod/SayginVC01,604271,1.0
conf/vldb/LabrinidisR01,672362,1.0
conf/sigmod/CandanLLHA01,375736,1.0
conf/vldb/ChirkovaHS01,672216,1.0
conf/vldb/ChirkovaHS01,641272,1.0
conf/vldb/ChaudhuriS01,672044,1.0
conf/sigmod/ButtlerLPP01,375762,1.0
conf/sigmod/BrunoCG01,375686,1.0
journals/vldb/LiCHH01,765506,1.0
journals/vldb/PucheralBVB01,767143,1.0
journals/sigmod/PuSW01,373680,1.0
conf/sigmod/KeoghCMP01,375680,1.0
conf/sigmod/KeoghCMP01,568520,1.0
conf/sigmod/WynblattN01,375737,1.0
conf/vldb/Mohan01,672360,1.0
conf/vldb/GravanoIJKMS01,672200,1.0
conf/vldb/ChaHKK01,672375,1.0
conf/vldb/NishioSTTL01,672350,1.0
journals/tods/FukudaMMT01,383893,1.0
conf/sigmod/BohannonMR01,375681,1.0
conf/sigmod/Maguire01,375742,1.0
conf/sigmod/Smith01,375814,0.8
conf/vldb/SeegerBBKSDS01,672371,1.0
conf/vldb/JensenL01,672027,1.0
conf/vldb/SakuraiYKU01,672024,1.0
journals/sigmod/VelACM01,604272,0.75
journals/tods/EiterLLS01,502031,1.0
journals/vldb/MecellaP01,767134,1.0
conf/sigmod/AdiBEY01,375759,1.0
conf/vldb/RamanH01,672045,1.0
journals/tods/LakshmananSS01,503102,1.0
journals/vldb/BonifatiCP01,767136,1.0
conf/vldb/BaumgartnerFG01,672194,1.0
journals/sigmod/Critchlow01,373699,1.0
journals/sigmod/BiancheriPP01,373631,1.0
conf/vldb/MignetMAC01,672205,1.0
conf/sigmod/HanPLJ01,375786,1.0
conf/sigmod/DeolaseeKPRS01,375752,1.0
conf/vldb/TanSHCR01,672376,1.0
conf/vldb/CasatiDGS01,672190,1.0
journals/vldb/AbbadiSW01,767133,1.0
journals/vldb/AbbadiSW01,767142,1.0
journals/vldb/AbbadiSW01,764200,1.0
journals/sigmod/BertinoEH01,373684,1.0
journals/sigmod/Lomet01,603878,1.0
journals/sigmod/TanakaV01,603879,1.0
conf/vldb/BouguettayaEMO01,672201,1.0
conf/sigmod/NguyenACP01,375723,1.0
conf/sigmod/ClaypoolRZSK01,375765,0.8666666666666667
conf/vldb/Sol01,672038,1.0
conf/vldb/AmbiteKKMST01,672186,1.0
conf/vldb/OConnellWG01,672185,1.0
journals/sigmod/RossHLW01,603882,1.0
journals/sigmod/RossHLW01,604262,1.0
journals/sigmod/RossHLW01,507364,1.0
journals/sigmod/RossHLW01,601875,1.0
journals/sigmod/SchmidtWKFCMB01,603872,1.0
conf/sigmod/JagadishJOT01,375687,1.0
conf/vldb/PatonG01,757416,1.0
journals/vldb/ChakrabartiGRS01,767147,1.0
conf/sigmod/GetoorTK01,375727,1.0
conf/vldb/BrownG01,672032,1.0
conf/vldb/BonifatiCDS01,672212,1.0
conf/sigmod/BabyCY01,375761,1.0
conf/sigmod/DoanDH01,375731,1.0
conf/vldb/CatozziR01,672210,1.0
conf/vldb/AmirKN01,672215,1.0
conf/vldb/AgrawalSX01,672175,1.0
conf/sigmod/LeeWMS01,375709,1.0
journals/vldb/CombiP01,765505,0.8333333333333334
conf/vldb/SadriZZA01,672043,1.0
conf/vldb/BunkerCCMMW01,672182,1.0
journals/sigmod/Barbara01,604266,0.6875
conf/sigmod/AfratiLU01,375705,1.0
conf/vldb/TanEO01,672217,1.0
conf/sigmod/ShahC01,375773,1.0
conf/sigmod/SchusterW01,375728,0.625
conf/vldb/ShanmugasundaramKSFF01,672203,1.0
conf/sigmod/Galindo-LegariaJ01,375748,1.0
journals/sigmod/StolfoLCFE01,604267,1.0
journals/vldb/WangW01,765508,1.0
conf/sigmod/GunopulosD01,375808,0.6
journals/vldb/Halevy01,767151,1.0
journals/sigmod/ShethMKA01,604286,1.0
conf/vldb/AilamakiDHS01,672367,1.0
journals/sigmod/Cardelli01,604278,1.0
conf/sigmod/KalnisP01,375712,1.0
conf/sigmod/Mohan01,375798,0.8
journals/tods/LiC01,502032,1.0
conf/vldb/Gibbons01,672351,1.0
conf/vldb/MorishimaKKT01,672187,1.0
conf/vldb/DongHLPW01,672176,1.0
journals/sigmod/Aberer01,603869,0.8
conf/sigmod/KriegelMPS01,375777,1.0
journals/tods/HsuSY01,383737,0.7777777777777778
conf/vldb/May01,672036,1.0
conf/vldb/ManolescuFK01,672368,1.0
journals/tods/Ng01,502033,1.0
conf/vldb/CherniackFZ01,672180,1.0
conf/sigmod/LazaridisM01,375718,1.0
conf/sigmod/AgrawalCN01,375769,1.0
journals/sigmod/Aggarwal01,373638,1.0
conf/vldb/AnciauxBBPV01,758381,1.0
journals/tods/ChomickiTB01,383892,1.0
conf/vldb/ManolopoulosT01,672358,1.0
conf/sigmod/ChangC01,375776,1.0
conf/vldb/BaumgartnerFG01a,672189,1.0
conf/sigmod/WhitneyS01,375783,0.6842105263157895
conf/sigmod/KiesslingHFE01,375754,0.625
journals/vldb/ShegalovGW01,767139,1.0
conf/vldb/KoschBBHHLRT01,672354,1.0
conf/vldb/SundaraHCAS01,672361,1.0
journals/sigmod/LawderK01,373678,1.0
conf/vldb/GarofalakisG01,672356,1.0
conf/sigmod/ZhangNDLL01,375722,1.0
conf/sigmod/GodfreyGXZ01,375749,1.0
conf/vldb/PereiraFJLS01,672195,1.0
journals/vldb/TurkerG01,767150,0.7647058823529411
conf/vldb/WaasCB01,672026,1.0
conf/sigmod/SlivinskasJS01,375678,1.0
journals/sigmod/BabuW01,603884,1.0
conf/sigmod/HanPDW01,375664,1.0
conf/vldb/CooperSFHS01,672202,1.0
journals/tods/JajodiaSSS01,383894,1.0
journals/sigmod/RossCGLLM01,603882,1.0
journals/sigmod/RossCGLLM01,604262,1.0
journals/sigmod/RossCGLLM01,507364,1.0
journals/sigmod/RossCGLLM01,601875,1.0
conf/sigmod/BorkarDS01,375682,1.0
conf/sigmod/Rosenthal01,375796,0.8666666666666667
conf/sigmod/RinfretOO01,375669,1.0
journals/sigmod/LabrinidisM01,603886,1.0
journals/sigmod/MeltonMJKSZ01,373709,1.0
journals/vldb/ChangG01,767145,1.0
conf/sigmod/AgichteinGV01,375774,1.0
conf/vldb/CuiW01,672029,1.0
conf/vldb/LuoN01,672041,1.0
journals/sigmod/MeltonE01,604280,1.0
conf/sigmod/Larson01,375792,0.8235294117647058
conf/sigmod/DattaDRTV01,375780,1.0
conf/sigmod/ShouCTRH01,375755,0.6666666666666666
conf/sigmod/TatarinovIHW01,375720,1.0
conf/sigmod/HristidisKP01,375690,1.0
conf/sigmod/GionisGK01,375689,0.7142857142857143
conf/vldb/DayalHL01,672211,1.0
conf/sigmod/ChenGM01,375688,1.0
conf/vldb/Sondag01,672359,1.0
journals/tods/MamoulisP01,503101,1.0
conf/vldb/AnSVKIG01,672374,1.0
journals/sigmod/Hammer01,601859,1.0
conf/vldb/GalhardasFSSS01,672042,1.0
conf/sigmod/IpeirotisGS01,375671,1.0
conf/vldb/DattaDTVRF01,672364,1.0
journals/sigmod/ShahMFH01,604282,1.0
conf/sigmod/GreenwaldK01,375670,1.0
conf/vldb/MadhavanBR01,672191,1.0
conf/vldb/NarayananS01,672213,1.0
journals/tods/DekhtyarRS01,383736,1.0
conf/sigmod/StonebrakerH01,375739,1.0
journals/sigmod/FengJH01,373691,1.0
conf/sigmod/JoshiA01,375673,1.0
conf/vldb/LiCHPALHAY01,672040,1.0
conf/vldb/PapadiasT01,672363,1.0
conf/vldb/YangG01,672193,1.0
journals/tods/KotidisR01,503100,1.0
conf/sigmod/OlstonWL01,375710,1.0
journals/vldb/EyalM01,767135,1.0
conf/vldb/Leymann01,757417,1.0
journals/vldb/BraumandlKKKKSS01,767137,1.0
conf/vldb/TsurAADKW01,672353,1.0
journals/vldb/GrefenVA01,767153,1.0
conf/vldb/BratsbergH01,672348,1.0
conf/vldb/Draluk01,672031,1.0
conf/sigmod/AggarwalY01,375668,1.0
conf/vldb/Shmueli01,672369,1.0
conf/sigmod/KimCK01,375679,1.0
journals/sigmod/RossHKRRSS01,603882,1.0
journals/sigmod/RossHKRRSS01,604262,1.0
journals/sigmod/RossHKRRSS01,507364,1.0
journals/sigmod/RossHKRRSS01,601875,1.0
conf/vldb/HuntAI01,672030,1.0
conf/sigmod/CatarciS01,375771,1.0
conf/sigmod/DraperHW01,375744,1.0
conf/vldb/Novaretti01,672196,1.0
conf/vldb/ZengBNN01,672023,1.0
journals/vldb/RahmB01,767154,1.0
conf/sigmod/LamCKNH01,375779,1.0
conf/sigmod/BertinoCF01,375764,1.0
journals/sigmod/Huyn01,603880,1.0
conf/sigmod/GoldsteinL01,375706,1.0
journals/sigmod/HanBP01,603873,1.0
journals/sigmod/BunemanFSW01,373697,0.7142857142857143
conf/vldb/LiM01,672035,1.0
conf/sigmod/YanMHF01,375729,1.0
conf/vldb/ChienTZ01,672373,1.0
journals/vldb/NguSHL01,765504,1.0
conf/sigmod/BohmBKK01,375714,1.0
journals/tods/AndriesCPB01,383735,1.0
conf/sigmod/FabretJLPRS01,375677,0.8888888888888888
conf/sigmod/ChaudhuriDN01,375694,1.0
journals/vldb/LeeSC01,765507,1.0
conf/vldb/CareyKRLABFLOPQRSSUVWY01,672199,1.0
conf/vldb/RaghavanG01,672025,1.0
conf/sigmod/Amer-YahiaCLS01,375730,1.0
conf/vldb/Kotidis01,672183,1.0
journals/sigmod/BoscMP01,373708,0.7142857142857143
journals/sigmod/CarmelMS01,373705,1.0
conf/vldb/DillKMRST01,672181,1.0
conf/vldb/GilbertKMS01,672174,1.0
conf/sigmod/WuAA01,375724,0.8
conf/vldb/WiesnerK01,672204,1.0
conf/vldb/MeccaCM01,672370,1.0
conf/vldb/MeccaCM01,564778,0.7272727272727273
journals/sigmod/LeeF01,604270,1.0
conf/sigmod/BabuGR01,375693,1.0
conf/vldb/Wadler01,672033,1.0
conf/vldb/SindoniTABFGMPPT01,672039,1.0
conf/vldb/Duranti01,672214,1.0
conf/sigmod/CasatiS01,375812,1.0
conf/vldb/AboulnagaAN01,672034,1.0
conf/vldb/AbrolLMMMRTWZ01,672355,1.0
conf/vldb/KahveciS01,672028,1.0
conf/sigmod/DeshpandeGR01,375685,1.0
journals/sigmod/ChienTZ01,603875,1.0
conf/vldb/ZhouLZLZJT01,672206,1.0
conf/vldb/StillgerLMK01,672349,1.0
conf/vldb/LahiriSCMC01,672377,1.0
conf/vldb/AksoyZF01,672046,1.0
journals/vldb/NanopoulosM02,767130,1.0
conf/sigmod/ZadorozhnyRVUB02,564702,1.0
journals/sigmod/Wiegand02,565122,1.0
conf/sigmod/GillmannWW02,564718,1.0
conf/sigmod/CranorGJSS02,564777,1.0
conf/sigmod/DobraGGR02,564699,1.0
journals/vldb/FengYLH02,767131,1.0
journals/sigmod/WinslettCDHZZ02,601881,1.0
conf/sigmod/MaddenSHR02,564698,1.0
conf/sigmod/ChungMS02,564706,1.0
journals/tods/LiuDL02,507237,1.0
journals/sigmod/Camps02,565125,1.0
journals/sigmod/SureSS02,637414,1.0
conf/sigmod/Team02,564761,1.0
journals/sigmod/RossAJS02,603882,1.0
journals/sigmod/RossAJS02,604262,1.0
journals/sigmod/RossAJS02,507364,1.0
journals/sigmod/RossAJS02,601875,1.0
journals/sigmod/HalkidiBV02a,601862,1.0
conf/sigmod/PhanN02,564783,1.0
journals/vldb/FiebigHKMNSW02,764202,1.0
conf/sigmod/ChaudhuriGN02,564747,1.0
journals/sigmod/Konig-RiesMMPPRSVW02,565134,0.7222222222222222
journals/tods/MayL02,582411,1.0
journals/sigmod/AnyanwuS02,637418,0.6666666666666666
conf/sigmod/HinneburgKW02,564784,1.0
conf/sigmod/MaddenH02,564776,1.0
journals/sigmod/MeltonE02,637433,1.0
journals/sigmod/GobleR02,507366,1.0
conf/sigmod/OlstonW02,564701,1.0
conf/sigmod/Mohan02,564796,1.0
conf/sigmod/LiGS02,564711,1.0
journals/sigmod/GobleR02a,637422,1.0
journals/sigmod/LuoI02,601879,1.0
journals/vldb/ChanFGR02,764205,1.0
conf/sigmod/AltinelLKMPLWB02,564765,1.0
journals/sigmod/Kosch02,565123,1.0
journals/sigmod/SommerGB02,507343,1.0
journals/sigmod/Grohe02,637428,1.0
conf/sigmod/ChenGMV02,564710,0.8181818181818182
conf/sigmod/BarbosaMKL02,564769,1.0
journals/sigmod/Cingil02,507342,1.0
conf/sigmod/LuoKMPWLN02,564763,1.0
journals/sigmod/Aberer02b,604274,1.0
journals/sigmod/Aberer02b,507353,1.0
journals/sigmod/Aberer02b,637424,1.0
journals/sigmod/Aberer02b,601865,1.0
journals/sigmod/Aberer02b,565129,1.0
journals/sigmod/TianDCZ02,507341,1.0
journals/vldb/HuntAI02,641274,1.0
journals/tods/BrunoCG02,568519,1.0
conf/sigmod/WangTYGWP02,564774,1.0
journals/sigmod/RossAA02,603882,1.0
journals/sigmod/RossAA02,604262,1.0
journals/sigmod/RossAA02,507364,1.0
journals/sigmod/RossAA02,601875,1.0
conf/sigmod/GarofalakisG02,564746,1.0
conf/sigmod/RaoZML02,564757,1.0
conf/sigmod/ViglasN02,564697,1.0
conf/sigmod/AbadiC02,564770,1.0
journals/vldb/ChirkovaHS02,672216,1.0
journals/vldb/ChirkovaHS02,641272,1.0
journals/sigmod/AbererCH02,637419,1.0
conf/sigmod/ChangH02,564731,1.0
conf/sigmod/ThaperGIK02,564741,1.0
conf/sigmod/GarofalakisGR02,564794,1.0
conf/sigmod/KaushikBNK02,564707,1.0
conf/sigmod/TaoP02,564730,1.0
conf/sigmod/SismanisDRK02,564745,1.0
journals/sigmod/Geller02,507355,0.6
conf/sigmod/RamanH02,564723,1.0
conf/sigmod/DogacTPPLKTK02,564750,1.0
journals/tods/SchuldtABS02,507236,1.0
journals/vldb/Amer-YahiaCLS02,764203,1.0
journals/sigmod/BargaL02,565139,1.0
journals/sigmod/HalkidiBV02,565124,1.0
journals/tods/CiacciaP02,582412,1.0
conf/sigmod/FungSG02,564775,1.0
journals/tods/FernandezKSMT02,582413,1.0
journals/sigmod/CiliaB02,507344,1.0
journals/sigmod/MeltonMJKS02,601877,0.6666666666666666
conf/sigmod/LuoEHN02,564721,1.0
journals/sigmod/MaximilienS02,637417,1.0
conf/vldb/ShashaB02,564798,0.6923076923076923
conf/vldb/ShashaB02,564799,0.6923076923076923
conf/sigmod/Cotton02,564792,1.0
journals/tods/ChakrabartiKMP02,375680,1.0
journals/tods/ChakrabartiKMP02,568520,1.0
journals/sigmod/Hammer02,565135,1.0
journals/sigmod/RossKMV02,603882,1.0
journals/sigmod/RossKMV02,604262,1.0
journals/sigmod/RossKMV02,507364,1.0
journals/sigmod/RossKMV02,601875,1.0
journals/vldb/SaltenisJ02,767093,1.0
conf/sigmod/WangWYY02,564737,1.0
journals/sigmod/HummerLW02,507345,1.0
conf/sigmod/RundensteinerWYD02,564786,1.0
journals/vldb/HjaltasonS02,767129,1.0
journals/sigmod/RoantreeS02,637435,1.0
conf/sigmod/Weininger02,564754,1.0
journals/sigmod/GroskySF02,637420,1.0
journals/sigmod/LightstoneLZ02,601873,1.0
conf/sigmod/ZhangMCMR02,564767,1.0
journals/sigmod/Snodgrass02,507369,1.0
conf/sigmod/AntonJLPZZ02,564762,1.0
conf/sigmod/HanWDPW02,564781,1.0
conf/sigmod/KanthRA02,564755,1.0
conf/sigmod/GaoW02,564734,1.0
conf/sigmod/PossSKL02,564759,1.0
conf/sigmod/ZhouR02,564709,1.0
journals/sigmod/CuiJO02,507347,0.7777777777777778
conf/sigmod/BrunoKS02,564727,1.0
journals/sigmod/Aberer02,604274,1.0
journals/sigmod/Aberer02,507353,1.0
journals/sigmod/Aberer02,637424,1.0
journals/sigmod/Aberer02,601865,1.0
journals/sigmod/Aberer02,565129,1.0
journals/sigmod/RossFS02,603882,1.0
journals/sigmod/RossFS02,604262,1.0
journals/sigmod/RossFS02,507364,1.0
journals/sigmod/RossFS02,601875,1.0
journals/sigmod/FininJ02,637416,0.8181818181818182
journals/sigmod/Kemper02,507354,0.7272727272727273
conf/sigmod/HacigumusILM02,564717,1.0
conf/sigmod/TheobaldW02,564768,1.0
journals/vldb/FerrariAABC02,767097,1.0
journals/sigmod/CruzKLSWY02,601882,0.9285714285714286
journals/sigmod/HuangKL02,601863,1.0
conf/sigmod/YangWYH02,564738,1.0
journals/vldb/Navarro02,767095,1.0
journals/vldb/Halevy02,767133,1.0
journals/vldb/Halevy02,767142,1.0
journals/vldb/Halevy02,764200,1.0
journals/sigmod/BoucelmaCGJLL02,637431,1.0
journals/vldb/AguileraCMVV02,672192,0.625
journals/vldb/AguileraCMVV02,641273,1.0
conf/sigmod/Aggarwal02,564743,1.0
conf/sigmod/AgrawalCD02,564782,1.0
journals/sigmod/Fagin02,565143,1.0
journals/sigmod/PourabbasR02,565121,1.0
conf/sigmod/KalnisNOPT02,564695,1.0
journals/sigmod/Stonebraker02,507362,1.0
journals/sigmod/EisenbergM02,565141,1.0
conf/vldb/Mohan02,564796,0.7142857142857143
conf/sigmod/ProcopiucJAM02,564739,1.0
conf/sigmod/Bussler02,564801,1.0
conf/sigmod/KarbhariRXD02,564773,1.0
conf/sigmod/BrunoC02,564722,1.0
journals/tods/GibbonsMP02,581753,1.0
conf/sigmod/BhattacharyaMBNHS02,564749,1.0
journals/vldb/AnGSVKI02,641270,1.0
journals/sigmod/ErdurD02,507349,1.0
conf/sigmod/ChoiC02,564742,1.0
journals/sigmod/Neven02,601869,1.0
journals/sigmod/YaoG02,601861,1.0
journals/vldb/ApersCS02,505049,1.0
journals/vldb/ApersCS02,505055,1.0
journals/vldb/ApersCS02,641269,1.0
journals/sigmod/Kim02,507346,0.8461538461538461
journals/sigmod/ButtlerCCFHLPRX02,637421,0.8461538461538461
conf/sigmod/TatarinovVBSSZ02,564715,1.0
conf/sigmod/LuWYBLY02,564785,1.0
conf/sigmod/MoonWH02,564735,1.0
journals/vldb/IvesHW02,764206,1.0
conf/sigmod/SzalayGTKMRSv02,564758,1.0
journals/sigmod/BusslerFM02,637415,1.0
journals/vldb/AilamakiDH02,641271,1.0
conf/sigmod/Grust02,564705,1.0
conf/sigmod/RiedewaldAA02,564694,1.0
journals/vldb/JagadishACLNPPSWWY02,764201,1.0
journals/sigmod/ShethM02,637430,0.8666666666666667
journals/sigmod/Aberer02c,604274,1.0
journals/sigmod/Aberer02c,507353,1.0
journals/sigmod/Aberer02c,637424,1.0
journals/sigmod/Aberer02c,601865,1.0
journals/sigmod/Aberer02c,565129,1.0
conf/sigmod/BunemanKTT02,564693,1.0
conf/sigmod/Bonnet02,564790,1.0
journals/sigmod/SlivinskasJS02,565119,1.0
journals/sigmod/SpynsMJ02,637413,1.0
journals/tods/CaldersNW02,581752,1.0
conf/sigmod/GuhaJKSY02,564725,1.0
conf/sigmod/DasuJMS02,564719,1.0
conf/sigmod/BumbulisB02,564753,1.0
journals/sigmod/Suciu02,507360,1.0
conf/sigmod/PolyzotisG02,564733,1.0
journals/sigmod/LaenderRST02,565137,1.0
journals/sigmod/QuixSJ02,507348,0.75
journals/tods/Suciu02,507235,1.0
conf/sigmod/ChenRW02,564771,1.0
journals/vldb/SakuraiYUK02,767128,1.0
journals/vldb/RafieiM02,767094,1.0
conf/sigmod/ShashaB02,564798,0.8571428571428571
conf/sigmod/ShashaB02,564799,1.0
conf/sigmod/PapakonstantinouPV02,564714,1.0
journals/sigmod/Bussler02,507351,1.0
conf/sigmod/HellersteinW02,564788,1.0
journals/sigmod/Wu02,637426,0.7857142857142857
journals/sigmod/Weikum02,601867,0.6666666666666666
conf/sigmod/DattaDTVSR02,564703,1.0
conf/sigmod/CrescenziMM02,672370,0.7272727272727273
conf/sigmod/CrescenziMM02,564778,1.0
journals/tods/TaoPZ02,581754,1.0
conf/sigmod/FreireHRRS02,564713,1.0
conf/sigmod/ShashaB02a,564798,1.0
conf/sigmod/ShashaB02a,564799,0.8571428571428571
journals/sigmod/Hammer02a,601859,1.0
conf/sigmod/MarklL02,564766,1.0
conf/sigmod/JosifovskiSHL02,564751,1.0
journals/vldb/ChienTZ02,764204,1.0
conf/vldb/GarofalakisG02,564794,0.8461538461538461
journals/sigmod/Aberer02a,604274,1.0
journals/sigmod/Aberer02a,507353,1.0
journals/sigmod/Aberer02a,637424,1.0
journals/sigmod/Aberer02a,601865,1.0
journals/sigmod/Aberer02a,565129,1.0
journals/vldb/MihailaRT02,767096,1.0
conf/sigmod/Ramanan02,564726,1.0
journals/vldb/MaratheS02,767098,1.0
conf/sigmod/VriesMNK02,564729,1.0
journals/sigmod/OrlandicLS02,565120,1.0
conf/sigmod/FlorescuGKR02,564779,1.0
journals/sigmod/BallMRZ02,507350,1.0
journals/sigmod/Aberer01a,959078,1.0
journals/sigmod/Aberer01a,776994,1.0
journals/vldb/AbbadiSW01,950482,1.0
journals/vldb/AbbadiSW01,953239,1.0
journals/sigmod/RossHLW01,641001,1.0
journals/sigmod/RossCGLLM01,641001,1.0
conf/vldb/CuiW01,775456,1.0
journals/sigmod/RossHKRRSS01,641001,1.0
journals/sigmod/RossAJS02,641001,1.0
journals/sigmod/Dogac02,945727,1.0
journals/sigmod/MeersmanS02,945727,1.0
journals/sigmod/Aberer02b,959078,1.0
journals/sigmod/Aberer02b,776994,1.0
journals/sigmod/RossAA02,641001,1.0
journals/sigmod/RossKMV02,641001,1.0
conf/vldb/ChakrabartiRS02,950488,1.0
journals/sigmod/Aberer02,959078,1.0
journals/sigmod/Aberer02,776994,1.0
journals/sigmod/RossFS02,641001,1.0
journals/vldb/Halevy02,950482,1.0
journals/vldb/Halevy02,953239,1.0
conf/vldb/ChanGR02,950484,1.0
journals/sigmod/Aberer02c,959078,1.0
journals/sigmod/Aberer02c,776994,1.0
conf/vldb/RamamurthyDS02,950483,1.0
journals/sigmod/Aberer02a,959078,1.0
journals/sigmod/Aberer02a,776994,1.0
journals/sigmod/CherniakV03,290599,1.0
journals/sigmod/CherniakV03,390004,0.6
journals/sigmod/RossGN03,290599,0.6
journals/sigmod/RossGN03,390004,0.6
journals/vldb/AtluriJY03,765530,1.0
journals/vldb/BernsteinIR03,765530,1.0
journals/sigmod/RossNO03,290599,1.0
journals/sigmod/RossNO03,390004,0.6
journals/sigmod/RossGR03,290599,1.0
journals/sigmod/RossGR03,390004,0.6
journals/sigmod/CherniakV03,602302,1.0
journals/sigmod/RossGN03,602302,0.6
journals/sigmod/SalgadoE03,310062,0.6428571428571429
journals/vldb/AtluriJY03,765219,1.0
journals/vldb/AtluriJY03,765234,1.0
journals/sigmod/Hainaut03,333616,0.6
journals/vldb/BernsteinIR03,765219,1.0
journals/vldb/BernsteinIR03,765234,1.0
journals/sigmod/LenzVJS03,344825,0.625
journals/sigmod/RossNO03,602302,1.0
journals/sigmod/RossGR03,602302,1.0
journals/sigmod/CherniakV03,603882,1.0
journals/sigmod/CherniakV03,604262,1.0
journals/sigmod/CherniakV03,507364,1.0
journals/sigmod/CherniakV03,601875,1.0
journals/vldb/CuiW03,672029,1.0
journals/sigmod/Aberer03d,604274,1.0
journals/sigmod/Aberer03d,507353,1.0
journals/sigmod/Aberer03d,637424,1.0
journals/sigmod/Aberer03d,601865,1.0
journals/sigmod/Aberer03d,565129,1.0
journals/sigmod/RossGN03,603882,0.6
journals/sigmod/RossGN03,604262,0.6
journals/sigmod/RossGN03,507364,0.6
journals/sigmod/RossGN03,601875,0.6
journals/vldb/AtluriJY03,767133,1.0
journals/vldb/AtluriJY03,767142,1.0
journals/vldb/AtluriJY03,764200,1.0
journals/sigmod/Aberer03b,604274,1.0
journals/sigmod/Aberer03b,507353,1.0
journals/sigmod/Aberer03b,637424,1.0
journals/sigmod/Aberer03b,601865,1.0
journals/sigmod/Aberer03b,565129,1.0
journals/vldb/BernsteinIR03,767133,1.0
journals/vldb/BernsteinIR03,767142,1.0
journals/vldb/BernsteinIR03,764200,1.0
journals/sigmod/Hammer03,601859,1.0
conf/vldb/KoudasS03,375800,0.625
journals/sigmod/RossNO03,603882,1.0
journals/sigmod/RossNO03,604262,1.0
journals/sigmod/RossNO03,507364,1.0
journals/sigmod/RossNO03,601875,1.0
journals/sigmod/RossGR03,603882,1.0
journals/sigmod/RossGR03,604262,1.0
journals/sigmod/RossGR03,507364,1.0
journals/sigmod/RossGR03,601875,1.0
conf/sigmod/HeC03,872784,1.0
journals/tods/HjaltasonS03,958948,1.0
conf/vldb/AggarwalHWY03,872826,0.6
conf/sigmod/MinPC03,872775,1.0
journals/sigmod/Hoffner03,776995,1.0
conf/sigmod/LiBKN03,872820,1.0
journals/sigmod/CaleroPR03,776992,1.0
conf/sigmod/MiloAABN03,872793,1.0
conf/sigmod/Dyreson03,872779,1.0
journals/tods/ChoG03,958945,1.0
journals/tods/Chomicki03,958946,1.0
journals/sigmod/MalaikaEM03,945739,1.0
journals/sigmod/ChakravarthyAEFO03,641006,1.0
conf/sigmod/ArasuBBDIRW03,872854,0.6
journals/vldb/HalkidiNVV03,953242,1.0
conf/sigmod/KimC03,872829,1.0
journals/vldb/MaedcheMS03,953240,1.0
conf/sigmod/Al-KhalifaYJ03,872761,1.0
conf/sigmod/DasGR03,872765,1.0
journals/vldb/FungKL03,950490,1.0
journals/tods/KarpSP03,762473,1.0
journals/sigmod/Snodgrass03b,945723,1.0
conf/sigmod/Amer-YahiaFSX03,872852,1.0
journals/tods/LakshmananLN03,958944,1.0
conf/sigmod/OoiTZGLLLNSWZ03,872845,1.0
conf/sigmod/BabcockO03,872764,1.0
conf/sigmod/JagatheesanR03,872878,1.0
journals/sigmod/NascimentoSP03,945722,1.0
conf/sigmod/AbadiCCCCEGHMRSSTXYZ03,872855,1.0
journals/sigmod/CherniakV03,641001,1.0
journals/sigmod/Snodgrass03c,959062,1.0
journals/vldb/ChuaCL03,950492,1.0
journals/sigmod/PitouraAPSV03,945737,1.0
journals/tods/TaoSP03,958943,1.0
journals/tods/BeneventanoBS03,762472,1.0
journals/sigmod/Kumar03,959064,1.0
conf/sigmod/SionAP03,872772,1.0
journals/vldb/CuiW03,775456,1.0
journals/sigmod/MukhopadhyayGS03,776989,1.0
journals/sigmod/Wiegand03,959081,1.0
journals/sigmod/GerlaX03,959073,1.0
journals/sigmod/dOnofrioP03,776990,1.0
conf/sigmod/BohannonDGKLNS03,872863,1.0
conf/sigmod/AgichteinG03,872851,0.8461538461538461
conf/sigmod/ZhuSZ03,872866,0.8181818181818182
journals/sigmod/CampbellEM03,777002,1.0
conf/sigmod/AgrawalK03,872865,1.0
journals/sigmod/GottlobKP03,776988,1.0
journals/sigmod/GottlobKP03,640992,1.0
journals/vldb/ChakrabartiRS03,950488,0.9090909090909091
journals/sigmod/MarchiLPT03,640997,1.0
journals/sigmod/Aberer03d,959078,1.0
journals/sigmod/Aberer03d,776994,1.0
conf/sigmod/CohenM03,872787,1.0
conf/sigmod/GangulyGR03,872790,1.0
conf/sigmod/ShenNSHS03,872842,1.0
journals/sigmod/RossGN03,641001,0.6
journals/tods/DiaoAFZF03,958947,1.0
journals/sigmod/AilamakiH03,945725,1.0
journals/sigmod/GolabO03,776986,1.0
conf/sigmod/DeligiannakisR03,872786,1.0
conf/sigmod/ZhouWGGZWXYF03,872860,1.0
journals/vldb/FiletoLPAM03,953244,1.0
journals/sigmod/WenLMZ03,640994,1.0
conf/sigmod/FaginKS03,872795,1.0
journals/vldb/MedjahedBE03,953243,1.0
journals/tods/WijesekeraJPH03,937599,1.0
conf/sigmod/DeshpandeNGS03a,872856,1.0
conf/sigmod/ReissK03,872804,1.0
conf/sigmod/ChaudhuriKN03,872831,1.0
journals/sigmod/HellersteinHM03,959065,1.0
journals/sigmod/CalvaneseGLV03,959076,1.0
journals/vldb/AtluriJY03,950482,1.0
journals/vldb/AtluriJY03,953239,1.0
conf/sigmod/DeshpandeNGS03,872818,1.0
journals/sigmod/MotroA03,959085,1.0
conf/sigmod/CuiOTS03,872815,0.9
conf/sigmod/DeHaanTCO03,872832,1.0
journals/sigmod/AbererCDDHPS03,945729,1.0
journals/vldb/AbadiCCCCLSTZ03,950485,1.0
journals/vldb/ChanGR03,950484,1.0
conf/sigmod/Mamoulis03,872778,1.0
conf/sigmod/Chamberlin03,872877,1.0
conf/sigmod/WangPFY03,872774,1.0
conf/sigmod/WitkowskiBBDFGSS03,872767,1.0
conf/sigmod/KoudasS03,872871,1.0
conf/sigmod/ZuzartePMCLW03,872840,1.0
journals/sigmod/Aberer03b,959078,1.0
journals/sigmod/Aberer03b,776994,1.0
conf/sigmod/WangJLY03,872777,1.0
conf/sigmod/ZhangZPTL03,872812,1.0
journals/sigmod/GottlobKP03a,776988,1.0
journals/sigmod/GottlobKP03a,640992,1.0
journals/sigmod/Nascimento03,776996,1.0
journals/sigmod/FifeG03,776991,1.0
conf/sigmod/ArasuG03,872799,1.0
journals/sigmod/Aberer03c,945727,1.0
journals/sigmod/KannanKIK03,959071,1.0
journals/sigmod/Date03,959061,1.0
journals/sigmod/OConnellW03,640991,0.8
journals/sigmod/ChengP03,959068,1.0
conf/sigmod/ChengKP03,872823,1.0
conf/sigmod/SchleimerWA03,872770,1.0
journals/sigmod/AilamakiFFSV03,959069,1.0
journals/sigmod/Hainaut03,959087,1.0
journals/vldb/BernsteinIR03,950482,1.0
journals/vldb/BernsteinIR03,953239,1.0
journals/tods/TaoP03,777944,1.0
journals/sigmod/AilamakiG03,777004,1.0
journals/sigmod/LenzVJS03,959083,1.0
conf/sigmod/BabcockCD03,872822,1.0
conf/sigmod/MaddenFHH03,872817,1.0
conf/sigmod/PengC03,872810,1.0
journals/sigmod/JukicNV03,776987,1.0
journals/sigmod/ArenasKKKMM03,945733,1.0
conf/sigmod/CranorJSS03,872838,1.0
conf/sigmod/LiuFP03,872846,0.6
journals/vldb/ChandrasekaranF03,950486,1.0
journals/sigmod/TanK03,959072,1.0
conf/sigmod/SengarH03,872867,1.0
journals/sigmod/Mani03,959066,1.0
conf/sigmod/LakshmananPZ03,872768,1.0
conf/sigmod/PaparizosACJLNPSWWY03,872862,1.0
conf/sigmod/LakshmananPZ03a,872843,1.0
conf/sigmod/GotoK03,872837,1.0
journals/tods/LechtenborgerV03,777946,1.0
conf/sigmod/PapadiasTFS03,872814,1.0
conf/sigmod/ChaudhuriGS03,872802,1.0
conf/sigmod/AgrawalES03,872771,1.0
journals/sigmod/BawaCCDGGKMSSVY03,945728,1.0
journals/vldb/AgrawalHK03,950487,1.0
conf/vldb/JagatheesanMPW03,872878,0.6666666666666666
conf/sigmod/GuoSBS03,872762,1.0
conf/sigmod/ZhuS03,872780,1.0
journals/vldb/Li03,950491,1.0
journals/sigmod/KoubarakisTID03,945736,1.0
conf/sigmod/Bierman03,872807,1.0
conf/sigmod/ZhangDWEMPMDR03,872861,1.0
journals/vldb/ShethTP03,775454,1.0
journals/sigmod/BonnetBDL03,959067,1.0
conf/sigmod/LometT03,872806,1.0
journals/sigmod/Anisimov03,945741,1.0
conf/sigmod/IlyasRLGL03,872803,1.0
conf/sigmod/KornMZ03,872868,1.0
conf/sigmod/AbiteboulBCMM03,872821,1.0
journals/vldb/Ozsu03,775453,1.0
conf/sigmod/ChoALS03,872859,1.0
conf/sigmod/StoltePAG03,872800,1.0
conf/sigmod/LarsonG03,872848,1.0
conf/sigmod/KriegelBKPS03,872828,1.0
journals/sigmod/Halevy03,945724,1.0
journals/sigmod/TatarinovIMHSDDKMM03,945732,1.0
conf/sigmod/Ullman03,872759,1.0
conf/sigmod/GuptaLM03,872869,1.0
conf/sigmod/JohnsonD03,872875,1.0
conf/sigmod/BabcockBDM03,872789,1.0
journals/sigmod/Stirling03,776997,1.0
journals/sigmod/GalianoM03,959080,1.0
journals/sigmod/BertinoEH03,640995,1.0
conf/sigmod/GuptaS03,872809,1.0
journals/vldb/YangW03,950494,1.0
journals/sigmod/WangD03,959079,1.0
journals/sigmod/Chang03,640993,1.0
journals/sigmod/OoiST03,945734,1.0
conf/sigmod/KangN03,872783,1.0
journals/vldb/HelmerM03,950493,1.0
journals/sigmod/LacroixB03,641003,0.9090909090909091
journals/vldb/VerykiosME03,775455,1.0
journals/sigmod/NejdlSS03,945731,1.0
journals/sigmod/RossNO03,641001,1.0
journals/vldb/MedjahedBBNE03,775457,1.0
journals/sigmod/DemersGRTY03,959070,1.0
journals/tods/GunopulosKMSTS03,777945,1.0
conf/sigmod/MelnikRB03,872782,1.0
conf/sigmod/ChandrasekaranCDFHHKMRS03,872857,1.0
conf/sigmod/SunAA03,872813,1.0
journals/sigmod/Giorgini03,959084,1.0
conf/sigmod/OlstonJW03,872825,1.0
journals/sigmod/Ouksel03,945735,1.0
journals/tods/JacoxS03,937600,1.0
journals/vldb/DoanMDDH03,953241,1.0
journals/sigmod/David03,640996,1.0
conf/sigmod/KementsietsidisAM03,872798,1.0
journals/sigmod/PalpanasPKG03,959074,1.0
conf/sigmod/ChaudhuriGGM03,872796,1.0
conf/sigmod/BornhovdAKMPR03,872849,1.0
journals/sigmod/RossGR03,641001,1.0
conf/sigmod/BenediktCFFR03,872792,1.0
journals/sigmod/Hellerstein03,945730,1.0
conf/sigmod/GraySSU03,872873,1.0
journals/sigmod/KambhampatiK03,959086,1.0
journals/vldb/RamamurthyDS03,950483,1.0
journals/tods/MelnikG03,762474,1.0
conf/sigmod/PadmanabhanBMCH03,872835,1.0
conf/sigmod/QunLO03,872776,1.0
journals/tods/Jimenez-PerisPAK03,937601,1.0
journals/sigmod/Vianu03,776999,1.0
journals/sigmod/ChongFTSYKDJJ03,777000,1.0
